variavel;ano;regiao;valor
V0033-Alunos da rede municipal de ensino - raça/cor amarela;2022;AGUA RASA;39
V0033-Alunos da rede municipal de ensino - raça/cor amarela;2022;ALTO DE PINHEIROS;8
V0033-Alunos da rede municipal de ensino - raça/cor amarela;2022;ANHANGUERA;73
V0033-Alunos da rede municipal de ensino - raça/cor amarela;2022;ARICANDUVA;14
V0033-Alunos da rede municipal de ensino - raça/cor amarela;2022;ARTUR ALVIM;79
V0033-Alunos da rede municipal de ensino - raça/cor amarela;2022;BARRA FUNDA;2
V0033-Alunos da rede municipal de ensino - raça/cor amarela;2022;BELA VISTA;29
V0033-Alunos da rede municipal de ensino - raça/cor amarela;2022;BELEM;57
V0033-Alunos da rede municipal de ensino - raça/cor amarela;2022;BOM RETIRO;45
V0033-Alunos da rede municipal de ensino - raça/cor amarela;2022;BRAS;13
V0033-Alunos da rede municipal de ensino - raça/cor amarela;2022;BRASILANDIA;135
V0033-Alunos da rede municipal de ensino - raça/cor amarela;2022;BUTANTA;49
V0033-Alunos da rede municipal de ensino - raça/cor amarela;2022;CACHOEIRINHA;74
V0033-Alunos da rede municipal de ensino - raça/cor amarela;2022;CAMBUCI;12
V0033-Alunos da rede municipal de ensino - raça/cor amarela;2022;CAMPO BELO;20
V0033-Alunos da rede municipal de ensino - raça/cor amarela;2022;CAMPO GRANDE;29
V0033-Alunos da rede municipal de ensino - raça/cor amarela;2022;CAMPO LIMPO;157
V0033-Alunos da rede municipal de ensino - raça/cor amarela;2022;CANGAIBA;138
V0033-Alunos da rede municipal de ensino - raça/cor amarela;2022;CAPAO REDONDO;152
V0033-Alunos da rede municipal de ensino - raça/cor amarela;2022;CARRAO;49
V0033-Alunos da rede municipal de ensino - raça/cor amarela;2022;CASA VERDE;111
V0033-Alunos da rede municipal de ensino - raça/cor amarela;2022;CIDADE ADEMAR;92
V0033-Alunos da rede municipal de ensino - raça/cor amarela;2022;CIDADE DUTRA;70
V0033-Alunos da rede municipal de ensino - raça/cor amarela;2022;CIDADE LIDER;72
V0033-Alunos da rede municipal de ensino - raça/cor amarela;2022;CIDADE TIRADENTES;165
V0033-Alunos da rede municipal de ensino - raça/cor amarela;2022;CONSOLACAO;2
V0033-Alunos da rede municipal de ensino - raça/cor amarela;2022;CURSINO;20
V0033-Alunos da rede municipal de ensino - raça/cor amarela;2022;ERMELINO MATARAZZO;110
V0033-Alunos da rede municipal de ensino - raça/cor amarela;2022;FREGUESIA DO O;97
V0033-Alunos da rede municipal de ensino - raça/cor amarela;2022;GRAJAU;108
V0033-Alunos da rede municipal de ensino - raça/cor amarela;2022;GUAIANASES;52
V0033-Alunos da rede municipal de ensino - raça/cor amarela;2022;IGUATEMI;102
V0033-Alunos da rede municipal de ensino - raça/cor amarela;2022;IPIRANGA;29
V0033-Alunos da rede municipal de ensino - raça/cor amarela;2022;ITAIM BIBI;13
V0033-Alunos da rede municipal de ensino - raça/cor amarela;2022;ITAIM PAULISTA;146
V0033-Alunos da rede municipal de ensino - raça/cor amarela;2022;ITAQUERA;82
V0033-Alunos da rede municipal de ensino - raça/cor amarela;2022;JABAQUARA;68
V0033-Alunos da rede municipal de ensino - raça/cor amarela;2022;JACANA;47
V0033-Alunos da rede municipal de ensino - raça/cor amarela;2022;JAGUARA;8
V0033-Alunos da rede municipal de ensino - raça/cor amarela;2022;JAGUARE;69
V0033-Alunos da rede municipal de ensino - raça/cor amarela;2022;JARAGUA;116
V0033-Alunos da rede municipal de ensino - raça/cor amarela;2022;JARDIM ANGELA;135
V0033-Alunos da rede municipal de ensino - raça/cor amarela;2022;JARDIM HELENA;94
V0033-Alunos da rede municipal de ensino - raça/cor amarela;2022;JARDIM PAULISTA;5
V0033-Alunos da rede municipal de ensino - raça/cor amarela;2022;JARDIM SAO LUIS;104
V0033-Alunos da rede municipal de ensino - raça/cor amarela;2022;JOSE BONIFACIO;38
V0033-Alunos da rede municipal de ensino - raça/cor amarela;2022;LAJEADO;108
V0033-Alunos da rede municipal de ensino - raça/cor amarela;2022;LAPA;28
V0033-Alunos da rede municipal de ensino - raça/cor amarela;2022;LIBERDADE;15
V0033-Alunos da rede municipal de ensino - raça/cor amarela;2022;LIMAO;49
V0033-Alunos da rede municipal de ensino - raça/cor amarela;2022;MANDAQUI;33
V0033-Alunos da rede municipal de ensino - raça/cor amarela;2022;MARSILAC;2
V0033-Alunos da rede municipal de ensino - raça/cor amarela;2022;MOEMA;10
V0033-Alunos da rede municipal de ensino - raça/cor amarela;2022;MOOCA;82
V0033-Alunos da rede municipal de ensino - raça/cor amarela;2022;MORUMBI;37
V0033-Alunos da rede municipal de ensino - raça/cor amarela;2022;PARELHEIROS;33
V0033-Alunos da rede municipal de ensino - raça/cor amarela;2022;PARI;19
V0033-Alunos da rede municipal de ensino - raça/cor amarela;2022;PARQUE DO CARMO;24
V0033-Alunos da rede municipal de ensino - raça/cor amarela;2022;PEDREIRA;69
V0033-Alunos da rede municipal de ensino - raça/cor amarela;2022;PENHA;34
V0033-Alunos da rede municipal de ensino - raça/cor amarela;2022;PERDIZES;12
V0033-Alunos da rede municipal de ensino - raça/cor amarela;2022;PERUS;58
V0033-Alunos da rede municipal de ensino - raça/cor amarela;2022;PINHEIROS;12
V0033-Alunos da rede municipal de ensino - raça/cor amarela;2022;PIRITUBA;57
V0033-Alunos da rede municipal de ensino - raça/cor amarela;2022;PONTE RASA;51
V0033-Alunos da rede municipal de ensino - raça/cor amarela;2022;RAPOSO TAVARES;75
V0033-Alunos da rede municipal de ensino - raça/cor amarela;2022;REPUBLICA;8
V0033-Alunos da rede municipal de ensino - raça/cor amarela;2022;RIO PEQUENO;51
V0033-Alunos da rede municipal de ensino - raça/cor amarela;2022;SACOMA;126
V0033-Alunos da rede municipal de ensino - raça/cor amarela;2022;SANTA CECILIA;11
V0033-Alunos da rede municipal de ensino - raça/cor amarela;2022;SANTANA;27
V0033-Alunos da rede municipal de ensino - raça/cor amarela;2022;SANTO AMARO;9
V0033-Alunos da rede municipal de ensino - raça/cor amarela;2022;SAO DOMINGOS;37
V0033-Alunos da rede municipal de ensino - raça/cor amarela;2022;SAO LUCAS;34
V0033-Alunos da rede municipal de ensino - raça/cor amarela;2022;SAO MATEUS;57
V0033-Alunos da rede municipal de ensino - raça/cor amarela;2022;SAO MIGUEL;49
V0033-Alunos da rede municipal de ensino - raça/cor amarela;2022;SAO RAFAEL;188
V0033-Alunos da rede municipal de ensino - raça/cor amarela;2022;SAPOPEMBA;66
V0033-Alunos da rede municipal de ensino - raça/cor amarela;2022;SAUDE;25
V0033-Alunos da rede municipal de ensino - raça/cor amarela;2022;SE;9
V0033-Alunos da rede municipal de ensino - raça/cor amarela;2022;SOCORRO;18
V0033-Alunos da rede municipal de ensino - raça/cor amarela;2022;TATUAPE;74
V0033-Alunos da rede municipal de ensino - raça/cor amarela;2022;TREMEMBE;79
V0033-Alunos da rede municipal de ensino - raça/cor amarela;2022;TUCURUVI;28
V0033-Alunos da rede municipal de ensino - raça/cor amarela;2022;VILA ANDRADE;62
V0033-Alunos da rede municipal de ensino - raça/cor amarela;2022;VILA CURUCA;100
V0033-Alunos da rede municipal de ensino - raça/cor amarela;2022;VILA FORMOSA;22
V0033-Alunos da rede municipal de ensino - raça/cor amarela;2022;VILA GUILHERME;44
V0033-Alunos da rede municipal de ensino - raça/cor amarela;2022;VILA JACUI;68
V0033-Alunos da rede municipal de ensino - raça/cor amarela;2022;VILA LEOPOLDINA;26
V0033-Alunos da rede municipal de ensino - raça/cor amarela;2022;VILA MARIA;90
V0033-Alunos da rede municipal de ensino - raça/cor amarela;2022;VILA MARIANA;38
V0033-Alunos da rede municipal de ensino - raça/cor amarela;2022;VILA MATILDE;63
V0033-Alunos da rede municipal de ensino - raça/cor amarela;2022;VILA MEDEIROS;75
V0033-Alunos da rede municipal de ensino - raça/cor amarela;2022;VILA PRUDENTE;29
V0033-Alunos da rede municipal de ensino - raça/cor amarela;2022;VILA SONIA;51
V0034-Alunos da rede municipal de ensino da raça/cor branca;2022;AGUA RASA;2573
V0034-Alunos da rede municipal de ensino da raça/cor branca;2022;ALTO DE PINHEIROS;190
V0034-Alunos da rede municipal de ensino da raça/cor branca;2022;ANHANGUERA;4641
V0034-Alunos da rede municipal de ensino da raça/cor branca;2022;ARICANDUVA;2638
V0034-Alunos da rede municipal de ensino da raça/cor branca;2022;ARTUR ALVIM;4319
V0034-Alunos da rede municipal de ensino da raça/cor branca;2022;BARRA FUNDA;164
V0034-Alunos da rede municipal de ensino da raça/cor branca;2022;BELA VISTA;1371
V0034-Alunos da rede municipal de ensino da raça/cor branca;2022;BELEM;1129
V0034-Alunos da rede municipal de ensino da raça/cor branca;2022;BOM RETIRO;895
V0034-Alunos da rede municipal de ensino da raça/cor branca;2022;BRAS;571
V0034-Alunos da rede municipal de ensino da raça/cor branca;2022;BRASILANDIA;14639
V0034-Alunos da rede municipal de ensino da raça/cor branca;2022;BUTANTA;2245
V0034-Alunos da rede municipal de ensino da raça/cor branca;2022;CACHOEIRINHA;7077
V0034-Alunos da rede municipal de ensino da raça/cor branca;2022;CAMBUCI;660
V0034-Alunos da rede municipal de ensino da raça/cor branca;2022;CAMPO BELO;1273
V0034-Alunos da rede municipal de ensino da raça/cor branca;2022;CAMPO GRANDE;3499
V0034-Alunos da rede municipal de ensino da raça/cor branca;2022;CAMPO LIMPO;12992
V0034-Alunos da rede municipal de ensino da raça/cor branca;2022;CANGAIBA;5876
V0034-Alunos da rede municipal de ensino da raça/cor branca;2022;CAPAO REDONDO;15283
V0034-Alunos da rede municipal de ensino da raça/cor branca;2022;CARRAO;2538
V0034-Alunos da rede municipal de ensino da raça/cor branca;2022;CASA VERDE;2399
V0034-Alunos da rede municipal de ensino da raça/cor branca;2022;CIDADE ADEMAR;7578
V0034-Alunos da rede municipal de ensino da raça/cor branca;2022;CIDADE DUTRA;9060
V0034-Alunos da rede municipal de ensino da raça/cor branca;2022;CIDADE LIDER;6621
V0034-Alunos da rede municipal de ensino da raça/cor branca;2022;CIDADE TIRADENTES;14537
V0034-Alunos da rede municipal de ensino da raça/cor branca;2022;CONSOLACAO;483
V0034-Alunos da rede municipal de ensino da raça/cor branca;2022;CURSINO;1912
V0034-Alunos da rede municipal de ensino da raça/cor branca;2022;ERMELINO MATARAZZO;3781
V0034-Alunos da rede municipal de ensino da raça/cor branca;2022;FREGUESIA DO O;6502
V0034-Alunos da rede municipal de ensino da raça/cor branca;2022;GRAJAU;12305
V0034-Alunos da rede municipal de ensino da raça/cor branca;2022;GUAIANASES;4061
V0034-Alunos da rede municipal de ensino da raça/cor branca;2022;IGUATEMI;11048
V0034-Alunos da rede municipal de ensino da raça/cor branca;2022;IPIRANGA;2437
V0034-Alunos da rede municipal de ensino da raça/cor branca;2022;ITAIM BIBI;779
V0034-Alunos da rede municipal de ensino da raça/cor branca;2022;ITAIM PAULISTA;11685
V0034-Alunos da rede municipal de ensino da raça/cor branca;2022;ITAQUERA;7058
V0034-Alunos da rede municipal de ensino da raça/cor branca;2022;JABAQUARA;6044
V0034-Alunos da rede municipal de ensino da raça/cor branca;2022;JACANA;5366
V0034-Alunos da rede municipal de ensino da raça/cor branca;2022;JAGUARA;1387
V0034-Alunos da rede municipal de ensino da raça/cor branca;2022;JAGUARE;2243
V0034-Alunos da rede municipal de ensino da raça/cor branca;2022;JARAGUA;16790
V0034-Alunos da rede municipal de ensino da raça/cor branca;2022;JARDIM ANGELA;13555
V0034-Alunos da rede municipal de ensino da raça/cor branca;2022;JARDIM HELENA;6942
V0034-Alunos da rede municipal de ensino da raça/cor branca;2022;JARDIM PAULISTA;289
V0034-Alunos da rede municipal de ensino da raça/cor branca;2022;JARDIM SAO LUIS;12293
V0034-Alunos da rede municipal de ensino da raça/cor branca;2022;JOSE BONIFACIO;5083
V0034-Alunos da rede municipal de ensino da raça/cor branca;2022;LAJEADO;8676
V0034-Alunos da rede municipal de ensino da raça/cor branca;2022;LAPA;880
V0034-Alunos da rede municipal de ensino da raça/cor branca;2022;LIBERDADE;924
V0034-Alunos da rede municipal de ensino da raça/cor branca;2022;LIMAO;1940
V0034-Alunos da rede municipal de ensino da raça/cor branca;2022;MANDAQUI;3599
V0034-Alunos da rede municipal de ensino da raça/cor branca;2022;MARSILAC;218
V0034-Alunos da rede municipal de ensino da raça/cor branca;2022;MOEMA;736
V0034-Alunos da rede municipal de ensino da raça/cor branca;2022;MOOCA;1025
V0034-Alunos da rede municipal de ensino da raça/cor branca;2022;MORUMBI;701
V0034-Alunos da rede municipal de ensino da raça/cor branca;2022;PARELHEIROS;4912
V0034-Alunos da rede municipal de ensino da raça/cor branca;2022;PARI;536
V0034-Alunos da rede municipal de ensino da raça/cor branca;2022;PARQUE DO CARMO;2888
V0034-Alunos da rede municipal de ensino da raça/cor branca;2022;PEDREIRA;6311
V0034-Alunos da rede municipal de ensino da raça/cor branca;2022;PENHA;2355
V0034-Alunos da rede municipal de ensino da raça/cor branca;2022;PERDIZES;719
V0034-Alunos da rede municipal de ensino da raça/cor branca;2022;PERUS;6406
V0034-Alunos da rede municipal de ensino da raça/cor branca;2022;PINHEIROS;470
V0034-Alunos da rede municipal de ensino da raça/cor branca;2022;PIRITUBA;7413
V0034-Alunos da rede municipal de ensino da raça/cor branca;2022;PONTE RASA;4137
V0034-Alunos da rede municipal de ensino da raça/cor branca;2022;RAPOSO TAVARES;6464
V0034-Alunos da rede municipal de ensino da raça/cor branca;2022;REPUBLICA;273
V0034-Alunos da rede municipal de ensino da raça/cor branca;2022;RIO PEQUENO;4417
V0034-Alunos da rede municipal de ensino da raça/cor branca;2022;SACOMA;15661
V0034-Alunos da rede municipal de ensino da raça/cor branca;2022;SANTA CECILIA;780
V0034-Alunos da rede municipal de ensino da raça/cor branca;2022;SANTANA;2113
V0034-Alunos da rede municipal de ensino da raça/cor branca;2022;SANTO AMARO;1253
V0034-Alunos da rede municipal de ensino da raça/cor branca;2022;SAO DOMINGOS;4464
V0034-Alunos da rede municipal de ensino da raça/cor branca;2022;SAO LUCAS;5136
V0034-Alunos da rede municipal de ensino da raça/cor branca;2022;SAO MATEUS;7390
V0034-Alunos da rede municipal de ensino da raça/cor branca;2022;SAO MIGUEL;6003
V0034-Alunos da rede municipal de ensino da raça/cor branca;2022;SAO RAFAEL;7524
V0034-Alunos da rede municipal de ensino da raça/cor branca;2022;SAPOPEMBA;15989
V0034-Alunos da rede municipal de ensino da raça/cor branca;2022;SAUDE;1113
V0034-Alunos da rede municipal de ensino da raça/cor branca;2022;SE;620
V0034-Alunos da rede municipal de ensino da raça/cor branca;2022;SOCORRO;1616
V0034-Alunos da rede municipal de ensino da raça/cor branca;2022;TATUAPE;1793
V0034-Alunos da rede municipal de ensino da raça/cor branca;2022;TREMEMBE;7486
V0034-Alunos da rede municipal de ensino da raça/cor branca;2022;TUCURUVI;2082
V0034-Alunos da rede municipal de ensino da raça/cor branca;2022;VILA ANDRADE;4072
V0034-Alunos da rede municipal de ensino da raça/cor branca;2022;VILA CURUCA;8351
V0034-Alunos da rede municipal de ensino da raça/cor branca;2022;VILA FORMOSA;2633
V0034-Alunos da rede municipal de ensino da raça/cor branca;2022;VILA GUILHERME;1628
V0034-Alunos da rede municipal de ensino da raça/cor branca;2022;VILA JACUI;7514
V0034-Alunos da rede municipal de ensino da raça/cor branca;2022;VILA LEOPOLDINA;1131
V0034-Alunos da rede municipal de ensino da raça/cor branca;2022;VILA MARIA;5660
V0034-Alunos da rede municipal de ensino da raça/cor branca;2022;VILA MARIANA;1134
V0034-Alunos da rede municipal de ensino da raça/cor branca;2022;VILA MATILDE;3698
V0034-Alunos da rede municipal de ensino da raça/cor branca;2022;VILA MEDEIROS;3793
V0034-Alunos da rede municipal de ensino da raça/cor branca;2022;VILA PRUDENTE;3405
V0034-Alunos da rede municipal de ensino da raça/cor branca;2022;VILA SONIA;3809
V0035-Alunos da rede municipal de ensino da raça/cor indígena;2022;AGUA RASA;27
V0035-Alunos da rede municipal de ensino da raça/cor indígena;2022;ANHANGUERA;6
V0035-Alunos da rede municipal de ensino da raça/cor indígena;2022;ARICANDUVA;5
V0035-Alunos da rede municipal de ensino da raça/cor indígena;2022;ARTUR ALVIM;28
V0035-Alunos da rede municipal de ensino da raça/cor indígena;2022;BARRA FUNDA;1
V0035-Alunos da rede municipal de ensino da raça/cor indígena;2022;BELA VISTA;12
V0035-Alunos da rede municipal de ensino da raça/cor indígena;2022;BELEM;57
V0035-Alunos da rede municipal de ensino da raça/cor indígena;2022;BOM RETIRO;31
V0035-Alunos da rede municipal de ensino da raça/cor indígena;2022;BRAS;15
V0035-Alunos da rede municipal de ensino da raça/cor indígena;2022;BRASILANDIA;49
V0035-Alunos da rede municipal de ensino da raça/cor indígena;2022;BUTANTA;6
V0035-Alunos da rede municipal de ensino da raça/cor indígena;2022;CACHOEIRINHA;35
V0035-Alunos da rede municipal de ensino da raça/cor indígena;2022;CAMBUCI;4
V0035-Alunos da rede municipal de ensino da raça/cor indígena;2022;CAMPO BELO;4
V0035-Alunos da rede municipal de ensino da raça/cor indígena;2022;CAMPO GRANDE;8
V0035-Alunos da rede municipal de ensino da raça/cor indígena;2022;CAMPO LIMPO;40
V0035-Alunos da rede municipal de ensino da raça/cor indígena;2022;CANGAIBA;82
V0035-Alunos da rede municipal de ensino da raça/cor indígena;2022;CAPAO REDONDO;42
V0035-Alunos da rede municipal de ensino da raça/cor indígena;2022;CARRAO;3
V0035-Alunos da rede municipal de ensino da raça/cor indígena;2022;CASA VERDE;67
V0035-Alunos da rede municipal de ensino da raça/cor indígena;2022;CIDADE ADEMAR;23
V0035-Alunos da rede municipal de ensino da raça/cor indígena;2022;CIDADE DUTRA;22
V0035-Alunos da rede municipal de ensino da raça/cor indígena;2022;CIDADE LIDER;24
V0035-Alunos da rede municipal de ensino da raça/cor indígena;2022;CIDADE TIRADENTES;69
V0035-Alunos da rede municipal de ensino da raça/cor indígena;2022;CONSOLACAO;4
V0035-Alunos da rede municipal de ensino da raça/cor indígena;2022;CURSINO;5
V0035-Alunos da rede municipal de ensino da raça/cor indígena;2022;ERMELINO MATARAZZO;31
V0035-Alunos da rede municipal de ensino da raça/cor indígena;2022;FREGUESIA DO O;32
V0035-Alunos da rede municipal de ensino da raça/cor indígena;2022;GRAJAU;48
V0035-Alunos da rede municipal de ensino da raça/cor indígena;2022;GUAIANASES;19
V0035-Alunos da rede municipal de ensino da raça/cor indígena;2022;IGUATEMI;39
V0035-Alunos da rede municipal de ensino da raça/cor indígena;2022;IPIRANGA;4
V0035-Alunos da rede municipal de ensino da raça/cor indígena;2022;ITAIM BIBI;6
V0035-Alunos da rede municipal de ensino da raça/cor indígena;2022;ITAIM PAULISTA;40
V0035-Alunos da rede municipal de ensino da raça/cor indígena;2022;ITAQUERA;26
V0035-Alunos da rede municipal de ensino da raça/cor indígena;2022;JABAQUARA;18
V0035-Alunos da rede municipal de ensino da raça/cor indígena;2022;JACANA;46
V0035-Alunos da rede municipal de ensino da raça/cor indígena;2022;JAGUARA;2
V0035-Alunos da rede municipal de ensino da raça/cor indígena;2022;JAGUARE;3
V0035-Alunos da rede municipal de ensino da raça/cor indígena;2022;JARAGUA;177
V0035-Alunos da rede municipal de ensino da raça/cor indígena;2022;JARDIM ANGELA;36
V0035-Alunos da rede municipal de ensino da raça/cor indígena;2022;JARDIM HELENA;17
V0035-Alunos da rede municipal de ensino da raça/cor indígena;2022;JARDIM SAO LUIS;41
V0035-Alunos da rede municipal de ensino da raça/cor indígena;2022;JOSE BONIFACIO;13
V0035-Alunos da rede municipal de ensino da raça/cor indígena;2022;LAJEADO;37
V0035-Alunos da rede municipal de ensino da raça/cor indígena;2022;LAPA;9
V0035-Alunos da rede municipal de ensino da raça/cor indígena;2022;LIBERDADE;3
V0035-Alunos da rede municipal de ensino da raça/cor indígena;2022;LIMAO;51
V0035-Alunos da rede municipal de ensino da raça/cor indígena;2022;MANDAQUI;15
V0035-Alunos da rede municipal de ensino da raça/cor indígena;2022;MARSILAC;3
V0035-Alunos da rede municipal de ensino da raça/cor indígena;2022;MOOCA;97
V0035-Alunos da rede municipal de ensino da raça/cor indígena;2022;MORUMBI;19
V0035-Alunos da rede municipal de ensino da raça/cor indígena;2022;PARELHEIROS;242
V0035-Alunos da rede municipal de ensino da raça/cor indígena;2022;PARI;10
V0035-Alunos da rede municipal de ensino da raça/cor indígena;2022;PARQUE DO CARMO;11
V0035-Alunos da rede municipal de ensino da raça/cor indígena;2022;PEDREIRA;22
V0035-Alunos da rede municipal de ensino da raça/cor indígena;2022;PENHA;29
V0035-Alunos da rede municipal de ensino da raça/cor indígena;2022;PERDIZES;3
V0035-Alunos da rede municipal de ensino da raça/cor indígena;2022;PERUS;16
V0035-Alunos da rede municipal de ensino da raça/cor indígena;2022;PINHEIROS;1
V0035-Alunos da rede municipal de ensino da raça/cor indígena;2022;PIRITUBA;24
V0035-Alunos da rede municipal de ensino da raça/cor indígena;2022;PONTE RASA;26
V0035-Alunos da rede municipal de ensino da raça/cor indígena;2022;RAPOSO TAVARES;26
V0035-Alunos da rede municipal de ensino da raça/cor indígena;2022;REPUBLICA;4
V0035-Alunos da rede municipal de ensino da raça/cor indígena;2022;RIO PEQUENO;10
V0035-Alunos da rede municipal de ensino da raça/cor indígena;2022;SACOMA;27
V0035-Alunos da rede municipal de ensino da raça/cor indígena;2022;SANTA CECILIA;7
V0035-Alunos da rede municipal de ensino da raça/cor indígena;2022;SANTANA;21
V0035-Alunos da rede municipal de ensino da raça/cor indígena;2022;SANTO AMARO;8
V0035-Alunos da rede municipal de ensino da raça/cor indígena;2022;SAO DOMINGOS;14
V0035-Alunos da rede municipal de ensino da raça/cor indígena;2022;SAO LUCAS;11
V0035-Alunos da rede municipal de ensino da raça/cor indígena;2022;SAO MATEUS;15
V0035-Alunos da rede municipal de ensino da raça/cor indígena;2022;SAO MIGUEL;15
V0035-Alunos da rede municipal de ensino da raça/cor indígena;2022;SAO RAFAEL;13
V0035-Alunos da rede municipal de ensino da raça/cor indígena;2022;SAPOPEMBA;31
V0035-Alunos da rede municipal de ensino da raça/cor indígena;2022;SAUDE;2
V0035-Alunos da rede municipal de ensino da raça/cor indígena;2022;SE;3
V0035-Alunos da rede municipal de ensino da raça/cor indígena;2022;SOCORRO;6
V0035-Alunos da rede municipal de ensino da raça/cor indígena;2022;TATUAPE;52
V0035-Alunos da rede municipal de ensino da raça/cor indígena;2022;TREMEMBE;30
V0035-Alunos da rede municipal de ensino da raça/cor indígena;2022;TUCURUVI;25
V0035-Alunos da rede municipal de ensino da raça/cor indígena;2022;VILA ANDRADE;14
V0035-Alunos da rede municipal de ensino da raça/cor indígena;2022;VILA CURUCA;20
V0035-Alunos da rede municipal de ensino da raça/cor indígena;2022;VILA FORMOSA;3
V0035-Alunos da rede municipal de ensino da raça/cor indígena;2022;VILA GUILHERME;61
V0035-Alunos da rede municipal de ensino da raça/cor indígena;2022;VILA JACUI;55
V0035-Alunos da rede municipal de ensino da raça/cor indígena;2022;VILA LEOPOLDINA;2
V0035-Alunos da rede municipal de ensino da raça/cor indígena;2022;VILA MARIA;108
V0035-Alunos da rede municipal de ensino da raça/cor indígena;2022;VILA MARIANA;2
V0035-Alunos da rede municipal de ensino da raça/cor indígena;2022;VILA MATILDE;19
V0035-Alunos da rede municipal de ensino da raça/cor indígena;2022;VILA MEDEIROS;175
V0035-Alunos da rede municipal de ensino da raça/cor indígena;2022;VILA PRUDENTE;4
V0035-Alunos da rede municipal de ensino da raça/cor indígena;2022;VILA SONIA;13
V0036-Alunos da rede municipal de ensino da raça/cor parda;2022;AGUA RASA;954
V0036-Alunos da rede municipal de ensino da raça/cor parda;2022;ALTO DE PINHEIROS;109
V0036-Alunos da rede municipal de ensino da raça/cor parda;2022;ANHANGUERA;3776
V0036-Alunos da rede municipal de ensino da raça/cor parda;2022;ARICANDUVA;1333
V0036-Alunos da rede municipal de ensino da raça/cor parda;2022;ARTUR ALVIM;2555
V0036-Alunos da rede municipal de ensino da raça/cor parda;2022;BARRA FUNDA;71
V0036-Alunos da rede municipal de ensino da raça/cor parda;2022;BELA VISTA;1031
V0036-Alunos da rede municipal de ensino da raça/cor parda;2022;BELEM;1162
V0036-Alunos da rede municipal de ensino da raça/cor parda;2022;BOM RETIRO;844
V0036-Alunos da rede municipal de ensino da raça/cor parda;2022;BRAS;492
V0036-Alunos da rede municipal de ensino da raça/cor parda;2022;BRASILANDIA;15614
V0036-Alunos da rede municipal de ensino da raça/cor parda;2022;BUTANTA;1130
V0036-Alunos da rede municipal de ensino da raça/cor parda;2022;CACHOEIRINHA;5727
V0036-Alunos da rede municipal de ensino da raça/cor parda;2022;CAMBUCI;489
V0036-Alunos da rede municipal de ensino da raça/cor parda;2022;CAMPO BELO;982
V0036-Alunos da rede municipal de ensino da raça/cor parda;2022;CAMPO GRANDE;2393
V0036-Alunos da rede municipal de ensino da raça/cor parda;2022;CAMPO LIMPO;16181
V0036-Alunos da rede municipal de ensino da raça/cor parda;2022;CANGAIBA;3956
V0036-Alunos da rede municipal de ensino da raça/cor parda;2022;CAPAO REDONDO;19016
V0036-Alunos da rede municipal de ensino da raça/cor parda;2022;CARRAO;907
V0036-Alunos da rede municipal de ensino da raça/cor parda;2022;CASA VERDE;1703
V0036-Alunos da rede municipal de ensino da raça/cor parda;2022;CIDADE ADEMAR;8572
V0036-Alunos da rede municipal de ensino da raça/cor parda;2022;CIDADE DUTRA;8797
V0036-Alunos da rede municipal de ensino da raça/cor parda;2022;CIDADE LIDER;4570
V0036-Alunos da rede municipal de ensino da raça/cor parda;2022;CIDADE TIRADENTES;17394
V0036-Alunos da rede municipal de ensino da raça/cor parda;2022;CONSOLACAO;225
V0036-Alunos da rede municipal de ensino da raça/cor parda;2022;CURSINO;1310
V0036-Alunos da rede municipal de ensino da raça/cor parda;2022;ERMELINO MATARAZZO;3283
V0036-Alunos da rede municipal de ensino da raça/cor parda;2022;FREGUESIA DO O;4091
V0036-Alunos da rede municipal de ensino da raça/cor parda;2022;GRAJAU;19297
V0036-Alunos da rede municipal de ensino da raça/cor parda;2022;GUAIANASES;4804
V0036-Alunos da rede municipal de ensino da raça/cor parda;2022;IGUATEMI;10203
V0036-Alunos da rede municipal de ensino da raça/cor parda;2022;IPIRANGA;1254
V0036-Alunos da rede municipal de ensino da raça/cor parda;2022;ITAIM BIBI;643
V0036-Alunos da rede municipal de ensino da raça/cor parda;2022;ITAIM PAULISTA;14592
V0036-Alunos da rede municipal de ensino da raça/cor parda;2022;ITAQUERA;6705
V0036-Alunos da rede municipal de ensino da raça/cor parda;2022;JABAQUARA;5900
V0036-Alunos da rede municipal de ensino da raça/cor parda;2022;JACANA;4160
V0036-Alunos da rede municipal de ensino da raça/cor parda;2022;JAGUARA;712
V0036-Alunos da rede municipal de ensino da raça/cor parda;2022;JAGUARE;1860
V0036-Alunos da rede municipal de ensino da raça/cor parda;2022;JARAGUA;13653
V0036-Alunos da rede municipal de ensino da raça/cor parda;2022;JARDIM ANGELA;19069
V0036-Alunos da rede municipal de ensino da raça/cor parda;2022;JARDIM HELENA;9104
V0036-Alunos da rede municipal de ensino da raça/cor parda;2022;JARDIM PAULISTA;107
V0036-Alunos da rede municipal de ensino da raça/cor parda;2022;JARDIM SAO LUIS;13113
V0036-Alunos da rede municipal de ensino da raça/cor parda;2022;JOSE BONIFACIO;4272
V0036-Alunos da rede municipal de ensino da raça/cor parda;2022;LAJEADO;11157
V0036-Alunos da rede municipal de ensino da raça/cor parda;2022;LAPA;304
V0036-Alunos da rede municipal de ensino da raça/cor parda;2022;LIBERDADE;576
V0036-Alunos da rede municipal de ensino da raça/cor parda;2022;LIMAO;1745
V0036-Alunos da rede municipal de ensino da raça/cor parda;2022;MANDAQUI;1766
V0036-Alunos da rede municipal de ensino da raça/cor parda;2022;MARSILAC;277
V0036-Alunos da rede municipal de ensino da raça/cor parda;2022;MOEMA;349
V0036-Alunos da rede municipal de ensino da raça/cor parda;2022;MOOCA;627
V0036-Alunos da rede municipal de ensino da raça/cor parda;2022;MORUMBI;993
V0036-Alunos da rede municipal de ensino da raça/cor parda;2022;PARELHEIROS;7115
V0036-Alunos da rede municipal de ensino da raça/cor parda;2022;PARI;799
V0036-Alunos da rede municipal de ensino da raça/cor parda;2022;PARQUE DO CARMO;1931
V0036-Alunos da rede municipal de ensino da raça/cor parda;2022;PEDREIRA;8721
V0036-Alunos da rede municipal de ensino da raça/cor parda;2022;PENHA;1729
V0036-Alunos da rede municipal de ensino da raça/cor parda;2022;PERDIZES;295
V0036-Alunos da rede municipal de ensino da raça/cor parda;2022;PERUS;5310
V0036-Alunos da rede municipal de ensino da raça/cor parda;2022;PINHEIROS;219
V0036-Alunos da rede municipal de ensino da raça/cor parda;2022;PIRITUBA;4482
V0036-Alunos da rede municipal de ensino da raça/cor parda;2022;PONTE RASA;2783
V0036-Alunos da rede municipal de ensino da raça/cor parda;2022;RAPOSO TAVARES;6760
V0036-Alunos da rede municipal de ensino da raça/cor parda;2022;REPUBLICA;169
V0036-Alunos da rede municipal de ensino da raça/cor parda;2022;RIO PEQUENO;4276
V0036-Alunos da rede municipal de ensino da raça/cor parda;2022;SACOMA;9861
V0036-Alunos da rede municipal de ensino da raça/cor parda;2022;SANTA CECILIA;503
V0036-Alunos da rede municipal de ensino da raça/cor parda;2022;SANTANA;961
V0036-Alunos da rede municipal de ensino da raça/cor parda;2022;SANTO AMARO;873
V0036-Alunos da rede municipal de ensino da raça/cor parda;2022;SAO DOMINGOS;3516
V0036-Alunos da rede municipal de ensino da raça/cor parda;2022;SAO LUCAS;2537
V0036-Alunos da rede municipal de ensino da raça/cor parda;2022;SAO MATEUS;5058
V0036-Alunos da rede municipal de ensino da raça/cor parda;2022;SAO MIGUEL;4833
V0036-Alunos da rede municipal de ensino da raça/cor parda;2022;SAO RAFAEL;6565
V0036-Alunos da rede municipal de ensino da raça/cor parda;2022;SAPOPEMBA;9683
V0036-Alunos da rede municipal de ensino da raça/cor parda;2022;SAUDE;585
V0036-Alunos da rede municipal de ensino da raça/cor parda;2022;SE;564
V0036-Alunos da rede municipal de ensino da raça/cor parda;2022;SOCORRO;994
V0036-Alunos da rede municipal de ensino da raça/cor parda;2022;TATUAPE;1044
V0036-Alunos da rede municipal de ensino da raça/cor parda;2022;TREMEMBE;5544
V0036-Alunos da rede municipal de ensino da raça/cor parda;2022;TUCURUVI;904
V0036-Alunos da rede municipal de ensino da raça/cor parda;2022;VILA ANDRADE;6230
V0036-Alunos da rede municipal de ensino da raça/cor parda;2022;VILA CURUCA;9429
V0036-Alunos da rede municipal de ensino da raça/cor parda;2022;VILA FORMOSA;1288
V0036-Alunos da rede municipal de ensino da raça/cor parda;2022;VILA GUILHERME;1225
V0036-Alunos da rede municipal de ensino da raça/cor parda;2022;VILA JACUI;6985
V0036-Alunos da rede municipal de ensino da raça/cor parda;2022;VILA LEOPOLDINA;795
V0036-Alunos da rede municipal de ensino da raça/cor parda;2022;VILA MARIA;5300
V0036-Alunos da rede municipal de ensino da raça/cor parda;2022;VILA MARIANA;542
V0036-Alunos da rede municipal de ensino da raça/cor parda;2022;VILA MATILDE;1617
V0036-Alunos da rede municipal de ensino da raça/cor parda;2022;VILA MEDEIROS;3508
V0036-Alunos da rede municipal de ensino da raça/cor parda;2022;VILA PRUDENTE;1325
V0036-Alunos da rede municipal de ensino da raça/cor parda;2022;VILA SONIA;3183
V0042-Alunos da rede municipal de ensino da raça/cor preta;2022;AGUA RASA;113
V0042-Alunos da rede municipal de ensino da raça/cor preta;2022;ALTO DE PINHEIROS;5
V0042-Alunos da rede municipal de ensino da raça/cor preta;2022;ANHANGUERA;502
V0042-Alunos da rede municipal de ensino da raça/cor preta;2022;ARICANDUVA;168
V0042-Alunos da rede municipal de ensino da raça/cor preta;2022;ARTUR ALVIM;658
V0042-Alunos da rede municipal de ensino da raça/cor preta;2022;BARRA FUNDA;3
V0042-Alunos da rede municipal de ensino da raça/cor preta;2022;BELA VISTA;292
V0042-Alunos da rede municipal de ensino da raça/cor preta;2022;BELEM;88
V0042-Alunos da rede municipal de ensino da raça/cor preta;2022;BOM RETIRO;84
V0042-Alunos da rede municipal de ensino da raça/cor preta;2022;BRAS;125
V0042-Alunos da rede municipal de ensino da raça/cor preta;2022;BRASILANDIA;2234
V0042-Alunos da rede municipal de ensino da raça/cor preta;2022;BUTANTA;214
V0042-Alunos da rede municipal de ensino da raça/cor preta;2022;CACHOEIRINHA;902
V0042-Alunos da rede municipal de ensino da raça/cor preta;2022;CAMBUCI;149
V0042-Alunos da rede municipal de ensino da raça/cor preta;2022;CAMPO BELO;152
V0042-Alunos da rede municipal de ensino da raça/cor preta;2022;CAMPO GRANDE;315
V0042-Alunos da rede municipal de ensino da raça/cor preta;2022;CAMPO LIMPO;1628
V0042-Alunos da rede municipal de ensino da raça/cor preta;2022;CANGAIBA;766
V0042-Alunos da rede municipal de ensino da raça/cor preta;2022;CAPAO REDONDO;2180
V0042-Alunos da rede municipal de ensino da raça/cor preta;2022;CARRAO;199
V0042-Alunos da rede municipal de ensino da raça/cor preta;2022;CASA VERDE;403
V0042-Alunos da rede municipal de ensino da raça/cor preta;2022;CIDADE ADEMAR;1065
V0042-Alunos da rede municipal de ensino da raça/cor preta;2022;CIDADE DUTRA;893
V0042-Alunos da rede municipal de ensino da raça/cor preta;2022;CIDADE LIDER;727
V0042-Alunos da rede municipal de ensino da raça/cor preta;2022;CIDADE TIRADENTES;2811
V0042-Alunos da rede municipal de ensino da raça/cor preta;2022;CONSOLACAO;68
V0042-Alunos da rede municipal de ensino da raça/cor preta;2022;CURSINO;221
V0042-Alunos da rede municipal de ensino da raça/cor preta;2022;ERMELINO MATARAZZO;401
V0042-Alunos da rede municipal de ensino da raça/cor preta;2022;FREGUESIA DO O;870
V0042-Alunos da rede municipal de ensino da raça/cor preta;2022;GRAJAU;1578
V0042-Alunos da rede municipal de ensino da raça/cor preta;2022;GUAIANASES;609
V0042-Alunos da rede municipal de ensino da raça/cor preta;2022;IGUATEMI;1093
V0042-Alunos da rede municipal de ensino da raça/cor preta;2022;IPIRANGA;241
V0042-Alunos da rede municipal de ensino da raça/cor preta;2022;ITAIM BIBI;102
V0042-Alunos da rede municipal de ensino da raça/cor preta;2022;ITAIM PAULISTA;1345
V0042-Alunos da rede municipal de ensino da raça/cor preta;2022;ITAQUERA;892
V0042-Alunos da rede municipal de ensino da raça/cor preta;2022;JABAQUARA;891
V0042-Alunos da rede municipal de ensino da raça/cor preta;2022;JACANA;583
V0042-Alunos da rede municipal de ensino da raça/cor preta;2022;JAGUARA;81
V0042-Alunos da rede municipal de ensino da raça/cor preta;2022;JAGUARE;258
V0042-Alunos da rede municipal de ensino da raça/cor preta;2022;JARAGUA;1828
V0042-Alunos da rede municipal de ensino da raça/cor preta;2022;JARDIM ANGELA;1874
V0042-Alunos da rede municipal de ensino da raça/cor preta;2022;JARDIM HELENA;736
V0042-Alunos da rede municipal de ensino da raça/cor preta;2022;JARDIM PAULISTA;24
V0042-Alunos da rede municipal de ensino da raça/cor preta;2022;JARDIM SAO LUIS;1502
V0042-Alunos da rede municipal de ensino da raça/cor preta;2022;JOSE BONIFACIO;725
V0042-Alunos da rede municipal de ensino da raça/cor preta;2022;LAJEADO;1134
V0042-Alunos da rede municipal de ensino da raça/cor preta;2022;LAPA;55
V0042-Alunos da rede municipal de ensino da raça/cor preta;2022;LIBERDADE;150
V0042-Alunos da rede municipal de ensino da raça/cor preta;2022;LIMAO;405
V0042-Alunos da rede municipal de ensino da raça/cor preta;2022;MANDAQUI;327
V0042-Alunos da rede municipal de ensino da raça/cor preta;2022;MARSILAC;20
V0042-Alunos da rede municipal de ensino da raça/cor preta;2022;MOEMA;53
V0042-Alunos da rede municipal de ensino da raça/cor preta;2022;MOOCA;78
V0042-Alunos da rede municipal de ensino da raça/cor preta;2022;MORUMBI;95
V0042-Alunos da rede municipal de ensino da raça/cor preta;2022;PARELHEIROS;568
V0042-Alunos da rede municipal de ensino da raça/cor preta;2022;PARI;102
V0042-Alunos da rede municipal de ensino da raça/cor preta;2022;PARQUE DO CARMO;271
V0042-Alunos da rede municipal de ensino da raça/cor preta;2022;PEDREIRA;969
V0042-Alunos da rede municipal de ensino da raça/cor preta;2022;PENHA;306
V0042-Alunos da rede municipal de ensino da raça/cor preta;2022;PERDIZES;48
V0042-Alunos da rede municipal de ensino da raça/cor preta;2022;PERUS;1283
V0042-Alunos da rede municipal de ensino da raça/cor preta;2022;PINHEIROS;39
V0042-Alunos da rede municipal de ensino da raça/cor preta;2022;PIRITUBA;606
V0042-Alunos da rede municipal de ensino da raça/cor preta;2022;PONTE RASA;476
V0042-Alunos da rede municipal de ensino da raça/cor preta;2022;RAPOSO TAVARES;880
V0042-Alunos da rede municipal de ensino da raça/cor preta;2022;REPUBLICA;68
V0042-Alunos da rede municipal de ensino da raça/cor preta;2022;RIO PEQUENO;629
V0042-Alunos da rede municipal de ensino da raça/cor preta;2022;SACOMA;1317
V0042-Alunos da rede municipal de ensino da raça/cor preta;2022;SANTA CECILIA;82
V0042-Alunos da rede municipal de ensino da raça/cor preta;2022;SANTANA;291
V0042-Alunos da rede municipal de ensino da raça/cor preta;2022;SANTO AMARO;110
V0042-Alunos da rede municipal de ensino da raça/cor preta;2022;SAO DOMINGOS;600
V0042-Alunos da rede municipal de ensino da raça/cor preta;2022;SAO LUCAS;335
V0042-Alunos da rede municipal de ensino da raça/cor preta;2022;SAO MATEUS;620
V0042-Alunos da rede municipal de ensino da raça/cor preta;2022;SAO MIGUEL;537
V0042-Alunos da rede municipal de ensino da raça/cor preta;2022;SAO RAFAEL;891
V0042-Alunos da rede municipal de ensino da raça/cor preta;2022;SAPOPEMBA;1390
V0042-Alunos da rede municipal de ensino da raça/cor preta;2022;SAUDE;96
V0042-Alunos da rede municipal de ensino da raça/cor preta;2022;SE;245
V0042-Alunos da rede municipal de ensino da raça/cor preta;2022;SOCORRO;89
V0042-Alunos da rede municipal de ensino da raça/cor preta;2022;TATUAPE;198
V0042-Alunos da rede municipal de ensino da raça/cor preta;2022;TREMEMBE;629
V0042-Alunos da rede municipal de ensino da raça/cor preta;2022;TUCURUVI;136
V0042-Alunos da rede municipal de ensino da raça/cor preta;2022;VILA ANDRADE;526
V0042-Alunos da rede municipal de ensino da raça/cor preta;2022;VILA CURUCA;895
V0042-Alunos da rede municipal de ensino da raça/cor preta;2022;VILA FORMOSA;173
V0042-Alunos da rede municipal de ensino da raça/cor preta;2022;VILA GUILHERME;110
V0042-Alunos da rede municipal de ensino da raça/cor preta;2022;VILA JACUI;748
V0042-Alunos da rede municipal de ensino da raça/cor preta;2022;VILA LEOPOLDINA;96
V0042-Alunos da rede municipal de ensino da raça/cor preta;2022;VILA MARIA;417
V0042-Alunos da rede municipal de ensino da raça/cor preta;2022;VILA MARIANA;83
V0042-Alunos da rede municipal de ensino da raça/cor preta;2022;VILA MATILDE;447
V0042-Alunos da rede municipal de ensino da raça/cor preta;2022;VILA MEDEIROS;361
V0042-Alunos da rede municipal de ensino da raça/cor preta;2022;VILA PRUDENTE;147
V0042-Alunos da rede municipal de ensino da raça/cor preta;2022;VILA SONIA;419
V0010-Alunos rede municipal - sexo masculino;2022;AGUA RASA;2078
V0010-Alunos rede municipal - sexo masculino;2022;ALTO DE PINHEIROS;172
V0010-Alunos rede municipal - sexo masculino;2022;ANHANGUERA;5584
V0010-Alunos rede municipal - sexo masculino;2022;ARICANDUVA;2642
V0010-Alunos rede municipal - sexo masculino;2022;ARTUR ALVIM;4876
V0010-Alunos rede municipal - sexo masculino;2022;BARRA FUNDA;128
V0010-Alunos rede municipal - sexo masculino;2022;BELA VISTA;1492
V0010-Alunos rede municipal - sexo masculino;2022;BELEM;1554
V0010-Alunos rede municipal - sexo masculino;2022;BOM RETIRO;1168
V0010-Alunos rede municipal - sexo masculino;2022;BRAS;750
V0010-Alunos rede municipal - sexo masculino;2022;BRASILANDIA;19920
V0010-Alunos rede municipal - sexo masculino;2022;BUTANTA;2180
V0010-Alunos rede municipal - sexo masculino;2022;CACHOEIRINHA;8684
V0010-Alunos rede municipal - sexo masculino;2022;CAMBUCI;760
V0010-Alunos rede municipal - sexo masculino;2022;CAMPO BELO;1531
V0010-Alunos rede municipal - sexo masculino;2022;CAMPO GRANDE;3831
V0010-Alunos rede municipal - sexo masculino;2022;CAMPO LIMPO;18179
V0010-Alunos rede municipal - sexo masculino;2022;CANGAIBA;7280
V0010-Alunos rede municipal - sexo masculino;2022;CAPAO REDONDO;21205
V0010-Alunos rede municipal - sexo masculino;2022;CARRAO;2118
V0010-Alunos rede municipal - sexo masculino;2022;CASA VERDE;2784
V0010-Alunos rede municipal - sexo masculino;2022;CIDADE ADEMAR;10963
V0010-Alunos rede municipal - sexo masculino;2022;CIDADE DUTRA;12352
V0010-Alunos rede municipal - sexo masculino;2022;CIDADE LIDER;7527
V0010-Alunos rede municipal - sexo masculino;2022;CIDADE TIRADENTES;21406
V0010-Alunos rede municipal - sexo masculino;2022;CONSOLACAO;435
V0010-Alunos rede municipal - sexo masculino;2022;CURSINO;2055
V0010-Alunos rede municipal - sexo masculino;2022;ERMELINO MATARAZZO;4918
V0010-Alunos rede municipal - sexo masculino;2022;FREGUESIA DO O;7100
V0010-Alunos rede municipal - sexo masculino;2022;GRAJAU;20260
V0010-Alunos rede municipal - sexo masculino;2022;GUAIANASES;6015
V0010-Alunos rede municipal - sexo masculino;2022;IGUATEMI;14327
V0010-Alunos rede municipal - sexo masculino;2022;IPIRANGA;2687
V0010-Alunos rede municipal - sexo masculino;2022;ITAIM BIBI;934
V0010-Alunos rede municipal - sexo masculino;2022;ITAIM PAULISTA;17853
V0010-Alunos rede municipal - sexo masculino;2022;ITAQUERA;9299
V0010-Alunos rede municipal - sexo masculino;2022;JABAQUARA;7984
V0010-Alunos rede municipal - sexo masculino;2022;JACANA;6424
V0010-Alunos rede municipal - sexo masculino;2022;JAGUARA;1488
V0010-Alunos rede municipal - sexo masculino;2022;JAGUARE;2797
V0010-Alunos rede municipal - sexo masculino;2022;JARAGUA;19163
V0010-Alunos rede municipal - sexo masculino;2022;JARDIM ANGELA;20327
V0010-Alunos rede municipal - sexo masculino;2022;JARDIM HELENA;10195
V0010-Alunos rede municipal - sexo masculino;2022;JARDIM PAULISTA;236
V0010-Alunos rede municipal - sexo masculino;2022;JARDIM SAO LUIS;15786
V0010-Alunos rede municipal - sexo masculino;2022;JOSE BONIFACIO;6445
V0010-Alunos rede municipal - sexo masculino;2022;LAJEADO;13071
V0010-Alunos rede municipal - sexo masculino;2022;LAPA;750
V0010-Alunos rede municipal - sexo masculino;2022;LIBERDADE;1098
V0010-Alunos rede municipal - sexo masculino;2022;LIMAO;2600
V0010-Alunos rede municipal - sexo masculino;2022;MANDAQUI;3326
V0010-Alunos rede municipal - sexo masculino;2022;MARSILAC;272
V0010-Alunos rede municipal - sexo masculino;2022;MOEMA;694
V0010-Alunos rede municipal - sexo masculino;2022;MOOCA;1109
V0010-Alunos rede municipal - sexo masculino;2022;MORUMBI;1197
V0010-Alunos rede municipal - sexo masculino;2022;PARELHEIROS;8816
V0010-Alunos rede municipal - sexo masculino;2022;PARI;944
V0010-Alunos rede municipal - sexo masculino;2022;PARQUE DO CARMO;3258
V0010-Alunos rede municipal - sexo masculino;2022;PEDREIRA;10409
V0010-Alunos rede municipal - sexo masculino;2022;PENHA;3107
V0010-Alunos rede municipal - sexo masculino;2022;PERDIZES;657
V0010-Alunos rede municipal - sexo masculino;2022;PERUS;7921
V0010-Alunos rede municipal - sexo masculino;2022;PINHEIROS;430
V0010-Alunos rede municipal - sexo masculino;2022;PIRITUBA;7554
V0010-Alunos rede municipal - sexo masculino;2022;PONTE RASA;4765
V0010-Alunos rede municipal - sexo masculino;2022;RAPOSO TAVARES;8344
V0010-Alunos rede municipal - sexo masculino;2022;REPUBLICA;365
V0010-Alunos rede municipal - sexo masculino;2022;RIO PEQUENO;5911
V0010-Alunos rede municipal - sexo masculino;2022;SACOMA;16440
V0010-Alunos rede municipal - sexo masculino;2022;SANTA CECILIA;1113
V0010-Alunos rede municipal - sexo masculino;2022;SANTANA;2130
V0010-Alunos rede municipal - sexo masculino;2022;SANTO AMARO;1240
V0010-Alunos rede municipal - sexo masculino;2022;SAO DOMINGOS;4804
V0010-Alunos rede municipal - sexo masculino;2022;SAO LUCAS;5078
V0010-Alunos rede municipal - sexo masculino;2022;SAO MATEUS;8399
V0010-Alunos rede municipal - sexo masculino;2022;SAO MIGUEL;7378
V0010-Alunos rede municipal - sexo masculino;2022;SAO RAFAEL;9937
V0010-Alunos rede municipal - sexo masculino;2022;SAPOPEMBA;16476
V0010-Alunos rede municipal - sexo masculino;2022;SAUDE;1210
V0010-Alunos rede municipal - sexo masculino;2022;SE;926
V0010-Alunos rede municipal - sexo masculino;2022;SOCORRO;1579
V0010-Alunos rede municipal - sexo masculino;2022;TATUAPE;1927
V0010-Alunos rede municipal - sexo masculino;2022;TREMEMBE;8385
V0010-Alunos rede municipal - sexo masculino;2022;TUCURUVI;2031
V0010-Alunos rede municipal - sexo masculino;2022;VILA ANDRADE;6924
V0010-Alunos rede municipal - sexo masculino;2022;VILA CURUCA;11273
V0010-Alunos rede municipal - sexo masculino;2022;VILA FORMOSA;2625
V0010-Alunos rede municipal - sexo masculino;2022;VILA GUILHERME;1937
V0010-Alunos rede municipal - sexo masculino;2022;VILA JACUI;9155
V0010-Alunos rede municipal - sexo masculino;2022;VILA LEOPOLDINA;1333
V0010-Alunos rede municipal - sexo masculino;2022;VILA MARIA;6767
V0010-Alunos rede municipal - sexo masculino;2022;VILA MARIANA;1096
V0010-Alunos rede municipal - sexo masculino;2022;VILA MATILDE;3575
V0010-Alunos rede municipal - sexo masculino;2022;VILA MEDEIROS;5026
V0010-Alunos rede municipal - sexo masculino;2022;VILA PRUDENTE;3022
V0010-Alunos rede municipal - sexo masculino;2022;VILA SONIA;4754
V0008-Alunos rede municipal - sexo feminino;2022;AGUA RASA;1880
V0008-Alunos rede municipal - sexo feminino;2022;ALTO DE PINHEIROS;167
V0008-Alunos rede municipal - sexo feminino;2022;ANHANGUERA;5802
V0008-Alunos rede municipal - sexo feminino;2022;ARICANDUVA;2436
V0008-Alunos rede municipal - sexo feminino;2022;ARTUR ALVIM;4742
V0008-Alunos rede municipal - sexo feminino;2022;BARRA FUNDA;145
V0008-Alunos rede municipal - sexo feminino;2022;BELA VISTA;1563
V0008-Alunos rede municipal - sexo feminino;2022;BELEM;1366
V0008-Alunos rede municipal - sexo feminino;2022;BOM RETIRO;980
V0008-Alunos rede municipal - sexo feminino;2022;BRAS;649
V0008-Alunos rede municipal - sexo feminino;2022;BRASILANDIA;19803
V0008-Alunos rede municipal - sexo feminino;2022;BUTANTA;2123
V0008-Alunos rede municipal - sexo feminino;2022;CACHOEIRINHA;7980
V0008-Alunos rede municipal - sexo feminino;2022;CAMBUCI;726
V0008-Alunos rede municipal - sexo feminino;2022;CAMPO BELO;1456
V0008-Alunos rede municipal - sexo feminino;2022;CAMPO GRANDE;3783
V0008-Alunos rede municipal - sexo feminino;2022;CAMPO LIMPO;18745
V0008-Alunos rede municipal - sexo feminino;2022;CANGAIBA;7599
V0008-Alunos rede municipal - sexo feminino;2022;CAPAO REDONDO;21534
V0008-Alunos rede municipal - sexo feminino;2022;CARRAO;1999
V0008-Alunos rede municipal - sexo feminino;2022;CASA VERDE;2540
V0008-Alunos rede municipal - sexo feminino;2022;CIDADE ADEMAR;10524
V0008-Alunos rede municipal - sexo feminino;2022;CIDADE DUTRA;11732
V0008-Alunos rede municipal - sexo feminino;2022;CIDADE LIDER;7069
V0008-Alunos rede municipal - sexo feminino;2022;CIDADE TIRADENTES;22550
V0008-Alunos rede municipal - sexo feminino;2022;CONSOLACAO;474
V0008-Alunos rede municipal - sexo feminino;2022;CURSINO;2020
V0008-Alunos rede municipal - sexo feminino;2022;ERMELINO MATARAZZO;4670
V0008-Alunos rede municipal - sexo feminino;2022;FREGUESIA DO O;6360
V0008-Alunos rede municipal - sexo feminino;2022;GRAJAU;18783
V0008-Alunos rede municipal - sexo feminino;2022;GUAIANASES;5745
V0008-Alunos rede municipal - sexo feminino;2022;IGUATEMI;14646
V0008-Alunos rede municipal - sexo feminino;2022;IPIRANGA;2611
V0008-Alunos rede municipal - sexo feminino;2022;ITAIM BIBI;859
V0008-Alunos rede municipal - sexo feminino;2022;ITAIM PAULISTA;18581
V0008-Alunos rede municipal - sexo feminino;2022;ITAQUERA;8754
V0008-Alunos rede municipal - sexo feminino;2022;JABAQUARA;8288
V0008-Alunos rede municipal - sexo feminino;2022;JACANA;6308
V0008-Alunos rede municipal - sexo feminino;2022;JAGUARA;1335
V0008-Alunos rede municipal - sexo feminino;2022;JAGUARE;3043
V0008-Alunos rede municipal - sexo feminino;2022;JARAGUA;18161
V0008-Alunos rede municipal - sexo feminino;2022;JARDIM ANGELA;20038
V0008-Alunos rede municipal - sexo feminino;2022;JARDIM HELENA;10367
V0008-Alunos rede municipal - sexo feminino;2022;JARDIM PAULISTA;223
V0008-Alunos rede municipal - sexo feminino;2022;JARDIM SAO LUIS;15624
V0008-Alunos rede municipal - sexo feminino;2022;JOSE BONIFACIO;6142
V0008-Alunos rede municipal - sexo feminino;2022;LAJEADO;13244
V0008-Alunos rede municipal - sexo feminino;2022;LAPA;657
V0008-Alunos rede municipal - sexo feminino;2022;LIBERDADE;919
V0008-Alunos rede municipal - sexo feminino;2022;LIMAO;2529
V0008-Alunos rede municipal - sexo feminino;2022;MANDAQUI;3187
V0008-Alunos rede municipal - sexo feminino;2022;MARSILAC;273
V0008-Alunos rede municipal - sexo feminino;2022;MOEMA;630
V0008-Alunos rede municipal - sexo feminino;2022;MOOCA;1079
V0008-Alunos rede municipal - sexo feminino;2022;MORUMBI;1168
V0008-Alunos rede municipal - sexo feminino;2022;PARELHEIROS;8364
V0008-Alunos rede municipal - sexo feminino;2022;PARI;906
V0008-Alunos rede municipal - sexo feminino;2022;PARQUE DO CARMO;2983
V0008-Alunos rede municipal - sexo feminino;2022;PEDREIRA;11058
V0008-Alunos rede municipal - sexo feminino;2022;PENHA;2922
V0008-Alunos rede municipal - sexo feminino;2022;PERDIZES;637
V0008-Alunos rede municipal - sexo feminino;2022;PERUS;7961
V0008-Alunos rede municipal - sexo feminino;2022;PINHEIROS;418
V0008-Alunos rede municipal - sexo feminino;2022;PIRITUBA;6892
V0008-Alunos rede municipal - sexo feminino;2022;PONTE RASA;4437
V0008-Alunos rede municipal - sexo feminino;2022;RAPOSO TAVARES;8049
V0008-Alunos rede municipal - sexo feminino;2022;REPUBLICA;330
V0008-Alunos rede municipal - sexo feminino;2022;RIO PEQUENO;5516
V0008-Alunos rede municipal - sexo feminino;2022;SACOMA;17375
V0008-Alunos rede municipal - sexo feminino;2022;SANTA CECILIA;1016
V0008-Alunos rede municipal - sexo feminino;2022;SANTANA;2106
V0008-Alunos rede municipal - sexo feminino;2022;SANTO AMARO;1289
V0008-Alunos rede municipal - sexo feminino;2022;SAO DOMINGOS;5148
V0008-Alunos rede municipal - sexo feminino;2022;SAO LUCAS;4625
V0008-Alunos rede municipal - sexo feminino;2022;SAO MATEUS;8060
V0008-Alunos rede municipal - sexo feminino;2022;SAO MIGUEL;6971
V0008-Alunos rede municipal - sexo feminino;2022;SAO RAFAEL;9653
V0008-Alunos rede municipal - sexo feminino;2022;SAPOPEMBA;16867
V0008-Alunos rede municipal - sexo feminino;2022;SAUDE;1237
V0008-Alunos rede municipal - sexo feminino;2022;SE;880
V0008-Alunos rede municipal - sexo feminino;2022;SOCORRO;1402
V0008-Alunos rede municipal - sexo feminino;2022;TATUAPE;1764
V0008-Alunos rede municipal - sexo feminino;2022;TREMEMBE;7897
V0008-Alunos rede municipal - sexo feminino;2022;TUCURUVI;1915
V0008-Alunos rede municipal - sexo feminino;2022;VILA ANDRADE;6905
V0008-Alunos rede municipal - sexo feminino;2022;VILA CURUCA;11563
V0008-Alunos rede municipal - sexo feminino;2022;VILA FORMOSA;2868
V0008-Alunos rede municipal - sexo feminino;2022;VILA GUILHERME;1707
V0008-Alunos rede municipal - sexo feminino;2022;VILA JACUI;8870
V0008-Alunos rede municipal - sexo feminino;2022;VILA LEOPOLDINA;1132
V0008-Alunos rede municipal - sexo feminino;2022;VILA MARIA;6423
V0008-Alunos rede municipal - sexo feminino;2022;VILA MARIANA;997
V0008-Alunos rede municipal - sexo feminino;2022;VILA MATILDE;3419
V0008-Alunos rede municipal - sexo feminino;2022;VILA MEDEIROS;4775
V0008-Alunos rede municipal - sexo feminino;2022;VILA PRUDENTE;2724
V0008-Alunos rede municipal - sexo feminino;2022;VILA SONIA;4421
V0009-Alunos da rede municipal de ensino;2022;AGUA RASA;3958
V0009-Alunos da rede municipal de ensino;2022;ALTO DE PINHEIROS;339
V0009-Alunos da rede municipal de ensino;2022;ANHANGUERA;11386
V0009-Alunos da rede municipal de ensino;2022;ARICANDUVA;5078
V0009-Alunos da rede municipal de ensino;2022;ARTUR ALVIM;9618
V0009-Alunos da rede municipal de ensino;2022;BARRA FUNDA;273
V0009-Alunos da rede municipal de ensino;2022;BELA VISTA;3055
V0009-Alunos da rede municipal de ensino;2022;BELEM;2920
V0009-Alunos da rede municipal de ensino;2022;BOM RETIRO;2148
V0009-Alunos da rede municipal de ensino;2022;BRAS;1399
V0009-Alunos da rede municipal de ensino;2022;BRASILANDIA;39723
V0009-Alunos da rede municipal de ensino;2022;BUTANTA;4303
V0009-Alunos da rede municipal de ensino;2022;CACHOEIRINHA;16664
V0009-Alunos da rede municipal de ensino;2022;CAMBUCI;1486
V0009-Alunos da rede municipal de ensino;2022;CAMPO BELO;2987
V0009-Alunos da rede municipal de ensino;2022;CAMPO GRANDE;7614
V0009-Alunos da rede municipal de ensino;2022;CAMPO LIMPO;36924
V0009-Alunos da rede municipal de ensino;2022;CANGAIBA;14879
V0009-Alunos da rede municipal de ensino;2022;CAPAO REDONDO;42739
V0009-Alunos da rede municipal de ensino;2022;CARRAO;4117
V0009-Alunos da rede municipal de ensino;2022;CASA VERDE;5324
V0009-Alunos da rede municipal de ensino;2022;CIDADE ADEMAR;21487
V0009-Alunos da rede municipal de ensino;2022;CIDADE DUTRA;24084
V0009-Alunos da rede municipal de ensino;2022;CIDADE LIDER;14596
V0009-Alunos da rede municipal de ensino;2022;CIDADE TIRADENTES;43956
V0009-Alunos da rede municipal de ensino;2022;CONSOLACAO;909
V0009-Alunos da rede municipal de ensino;2022;CURSINO;4075
V0009-Alunos da rede municipal de ensino;2022;ERMELINO MATARAZZO;9588
V0009-Alunos da rede municipal de ensino;2022;FREGUESIA DO O;13460
V0009-Alunos da rede municipal de ensino;2022;GRAJAU;39043
V0009-Alunos da rede municipal de ensino;2022;GUAIANASES;11760
V0009-Alunos da rede municipal de ensino;2022;IGUATEMI;28973
V0009-Alunos da rede municipal de ensino;2022;IPIRANGA;5298
V0009-Alunos da rede municipal de ensino;2022;ITAIM BIBI;1793
V0009-Alunos da rede municipal de ensino;2022;ITAIM PAULISTA;36434
V0009-Alunos da rede municipal de ensino;2022;ITAQUERA;18053
V0009-Alunos da rede municipal de ensino;2022;JABAQUARA;16272
V0009-Alunos da rede municipal de ensino;2022;JACANA;12732
V0009-Alunos da rede municipal de ensino;2022;JAGUARA;2823
V0009-Alunos da rede municipal de ensino;2022;JAGUARE;5840
V0009-Alunos da rede municipal de ensino;2022;JARAGUA;37324
V0009-Alunos da rede municipal de ensino;2022;JARDIM ANGELA;40365
V0009-Alunos da rede municipal de ensino;2022;JARDIM HELENA;20562
V0009-Alunos da rede municipal de ensino;2022;JARDIM PAULISTA;459
V0009-Alunos da rede municipal de ensino;2022;JARDIM SAO LUIS;31410
V0009-Alunos da rede municipal de ensino;2022;JOSE BONIFACIO;12587
V0009-Alunos da rede municipal de ensino;2022;LAJEADO;26315
V0009-Alunos da rede municipal de ensino;2022;LAPA;1407
V0009-Alunos da rede municipal de ensino;2022;LIBERDADE;2017
V0009-Alunos da rede municipal de ensino;2022;LIMAO;5129
V0009-Alunos da rede municipal de ensino;2022;MANDAQUI;6513
V0009-Alunos da rede municipal de ensino;2022;MARSILAC;545
V0009-Alunos da rede municipal de ensino;2022;MOEMA;1324
V0009-Alunos da rede municipal de ensino;2022;MOOCA;2188
V0009-Alunos da rede municipal de ensino;2022;MORUMBI;2365
V0009-Alunos da rede municipal de ensino;2022;PARELHEIROS;17180
V0009-Alunos da rede municipal de ensino;2022;PARI;1850
V0009-Alunos da rede municipal de ensino;2022;PARQUE DO CARMO;6241
V0009-Alunos da rede municipal de ensino;2022;PEDREIRA;21467
V0009-Alunos da rede municipal de ensino;2022;PENHA;6029
V0009-Alunos da rede municipal de ensino;2022;PERDIZES;1294
V0009-Alunos da rede municipal de ensino;2022;PERUS;15882
V0009-Alunos da rede municipal de ensino;2022;PINHEIROS;848
V0009-Alunos da rede municipal de ensino;2022;PIRITUBA;14446
V0009-Alunos da rede municipal de ensino;2022;PONTE RASA;9202
V0009-Alunos da rede municipal de ensino;2022;RAPOSO TAVARES;16393
V0009-Alunos da rede municipal de ensino;2022;REPUBLICA;695
V0009-Alunos da rede municipal de ensino;2022;RIO PEQUENO;11427
V0009-Alunos da rede municipal de ensino;2022;SACOMA;33815
V0009-Alunos da rede municipal de ensino;2022;SANTA CECILIA;2129
V0009-Alunos da rede municipal de ensino;2022;SANTANA;4236
V0009-Alunos da rede municipal de ensino;2022;SANTO AMARO;2529
V0009-Alunos da rede municipal de ensino;2022;SAO DOMINGOS;9952
V0009-Alunos da rede municipal de ensino;2022;SAO LUCAS;9703
V0009-Alunos da rede municipal de ensino;2022;SAO MATEUS;16459
V0009-Alunos da rede municipal de ensino;2022;SAO MIGUEL;14349
V0009-Alunos da rede municipal de ensino;2022;SAO RAFAEL;19590
V0009-Alunos da rede municipal de ensino;2022;SAPOPEMBA;33343
V0009-Alunos da rede municipal de ensino;2022;SAUDE;2447
V0009-Alunos da rede municipal de ensino;2022;SE;1806
V0009-Alunos da rede municipal de ensino;2022;SOCORRO;2981
V0009-Alunos da rede municipal de ensino;2022;TATUAPE;3691
V0009-Alunos da rede municipal de ensino;2022;TREMEMBE;16282
V0009-Alunos da rede municipal de ensino;2022;TUCURUVI;3946
V0009-Alunos da rede municipal de ensino;2022;VILA ANDRADE;13829
V0009-Alunos da rede municipal de ensino;2022;VILA CURUCA;22836
V0009-Alunos da rede municipal de ensino;2022;VILA FORMOSA;5493
V0009-Alunos da rede municipal de ensino;2022;VILA GUILHERME;3644
V0009-Alunos da rede municipal de ensino;2022;VILA JACUI;18025
V0009-Alunos da rede municipal de ensino;2022;VILA LEOPOLDINA;2465
V0009-Alunos da rede municipal de ensino;2022;VILA MARIA;13190
V0009-Alunos da rede municipal de ensino;2022;VILA MARIANA;2093
V0009-Alunos da rede municipal de ensino;2022;VILA MATILDE;6994
V0009-Alunos da rede municipal de ensino;2022;VILA MEDEIROS;9801
V0009-Alunos da rede municipal de ensino;2022;VILA PRUDENTE;5746
V0009-Alunos da rede municipal de ensino;2022;VILA SONIA;9175
V0609-Número de alunos matriculados em tempo integral no Ensino Fundamental - anos iniciais;2022;AGUA RASA;32
V0609-Número de alunos matriculados em tempo integral no Ensino Fundamental - anos iniciais;2022;ANHANGUERA;90
V0609-Número de alunos matriculados em tempo integral no Ensino Fundamental - anos iniciais;2022;BRASILANDIA;258
V0609-Número de alunos matriculados em tempo integral no Ensino Fundamental - anos iniciais;2022;CACHOEIRINHA;250
V0609-Número de alunos matriculados em tempo integral no Ensino Fundamental - anos iniciais;2022;CAMPO BELO;144
V0609-Número de alunos matriculados em tempo integral no Ensino Fundamental - anos iniciais;2022;CAMPO LIMPO;1408
V0609-Número de alunos matriculados em tempo integral no Ensino Fundamental - anos iniciais;2022;CANGAIBA;64
V0609-Número de alunos matriculados em tempo integral no Ensino Fundamental - anos iniciais;2022;CAPAO REDONDO;636
V0609-Número de alunos matriculados em tempo integral no Ensino Fundamental - anos iniciais;2022;CARRAO;126
V0609-Número de alunos matriculados em tempo integral no Ensino Fundamental - anos iniciais;2022;CASA VERDE;267
V0609-Número de alunos matriculados em tempo integral no Ensino Fundamental - anos iniciais;2022;CIDADE ADEMAR;85
V0609-Número de alunos matriculados em tempo integral no Ensino Fundamental - anos iniciais;2022;CIDADE DUTRA;547
V0609-Número de alunos matriculados em tempo integral no Ensino Fundamental - anos iniciais;2022;CIDADE LIDER;208
V0609-Número de alunos matriculados em tempo integral no Ensino Fundamental - anos iniciais;2022;CIDADE TIRADENTES;590
V0609-Número de alunos matriculados em tempo integral no Ensino Fundamental - anos iniciais;2022;ERMELINO MATARAZZO;60
V0609-Número de alunos matriculados em tempo integral no Ensino Fundamental - anos iniciais;2022;FREGUESIA DO O;310
V0609-Número de alunos matriculados em tempo integral no Ensino Fundamental - anos iniciais;2022;GRAJAU;143
V0609-Número de alunos matriculados em tempo integral no Ensino Fundamental - anos iniciais;2022;GUAIANASES;307
V0609-Número de alunos matriculados em tempo integral no Ensino Fundamental - anos iniciais;2022;IGUATEMI;465
V0609-Número de alunos matriculados em tempo integral no Ensino Fundamental - anos iniciais;2022;ITAIM BIBI;289
V0609-Número de alunos matriculados em tempo integral no Ensino Fundamental - anos iniciais;2022;ITAIM PAULISTA;357
V0609-Número de alunos matriculados em tempo integral no Ensino Fundamental - anos iniciais;2022;ITAQUERA;303
V0609-Número de alunos matriculados em tempo integral no Ensino Fundamental - anos iniciais;2022;JABAQUARA;228
V0609-Número de alunos matriculados em tempo integral no Ensino Fundamental - anos iniciais;2022;JACANA;464
V0609-Número de alunos matriculados em tempo integral no Ensino Fundamental - anos iniciais;2022;JAGUARA;121
V0609-Número de alunos matriculados em tempo integral no Ensino Fundamental - anos iniciais;2022;JAGUARE;428
V0609-Número de alunos matriculados em tempo integral no Ensino Fundamental - anos iniciais;2022;JARAGUA;843
V0609-Número de alunos matriculados em tempo integral no Ensino Fundamental - anos iniciais;2022;JARDIM ANGELA;495
V0609-Número de alunos matriculados em tempo integral no Ensino Fundamental - anos iniciais;2022;JARDIM HELENA;393
V0609-Número de alunos matriculados em tempo integral no Ensino Fundamental - anos iniciais;2022;JARDIM SAO LUIS;268
V0609-Número de alunos matriculados em tempo integral no Ensino Fundamental - anos iniciais;2022;LAJEADO;180
V0609-Número de alunos matriculados em tempo integral no Ensino Fundamental - anos iniciais;2022;LIBERDADE;92
V0609-Número de alunos matriculados em tempo integral no Ensino Fundamental - anos iniciais;2022;LIMAO;172
V0609-Número de alunos matriculados em tempo integral no Ensino Fundamental - anos iniciais;2022;MANDAQUI;242
V0609-Número de alunos matriculados em tempo integral no Ensino Fundamental - anos iniciais;2022;MOEMA;94
V0609-Número de alunos matriculados em tempo integral no Ensino Fundamental - anos iniciais;2022;PARELHEIROS;166
V0609-Número de alunos matriculados em tempo integral no Ensino Fundamental - anos iniciais;2022;PARI;323
V0609-Número de alunos matriculados em tempo integral no Ensino Fundamental - anos iniciais;2022;PEDREIRA;140
V0609-Número de alunos matriculados em tempo integral no Ensino Fundamental - anos iniciais;2022;PERUS;667
V0609-Número de alunos matriculados em tempo integral no Ensino Fundamental - anos iniciais;2022;RAPOSO TAVARES;95
V0609-Número de alunos matriculados em tempo integral no Ensino Fundamental - anos iniciais;2022;RIO PEQUENO;185
V0609-Número de alunos matriculados em tempo integral no Ensino Fundamental - anos iniciais;2022;SACOMA;249
V0609-Número de alunos matriculados em tempo integral no Ensino Fundamental - anos iniciais;2022;SANTANA;505
V0609-Número de alunos matriculados em tempo integral no Ensino Fundamental - anos iniciais;2022;SANTO AMARO;224
V0609-Número de alunos matriculados em tempo integral no Ensino Fundamental - anos iniciais;2022;SAO DOMINGOS;179
V0609-Número de alunos matriculados em tempo integral no Ensino Fundamental - anos iniciais;2022;SAO MATEUS;188
V0609-Número de alunos matriculados em tempo integral no Ensino Fundamental - anos iniciais;2022;SAO MIGUEL;957
V0609-Número de alunos matriculados em tempo integral no Ensino Fundamental - anos iniciais;2022;SAPOPEMBA;597
V0609-Número de alunos matriculados em tempo integral no Ensino Fundamental - anos iniciais;2022;SAUDE;170
V0609-Número de alunos matriculados em tempo integral no Ensino Fundamental - anos iniciais;2022;TREMEMBE;591
V0609-Número de alunos matriculados em tempo integral no Ensino Fundamental - anos iniciais;2022;TUCURUVI;157
V0609-Número de alunos matriculados em tempo integral no Ensino Fundamental - anos iniciais;2022;VILA ANDRADE;191
V0609-Número de alunos matriculados em tempo integral no Ensino Fundamental - anos iniciais;2022;VILA CURUCA;502
V0609-Número de alunos matriculados em tempo integral no Ensino Fundamental - anos iniciais;2022;VILA FORMOSA;115
V0609-Número de alunos matriculados em tempo integral no Ensino Fundamental - anos iniciais;2022;VILA GUILHERME;359
V0609-Número de alunos matriculados em tempo integral no Ensino Fundamental - anos iniciais;2022;VILA JACUI;703
V0609-Número de alunos matriculados em tempo integral no Ensino Fundamental - anos iniciais;2022;VILA LEOPOLDINA;120
V0609-Número de alunos matriculados em tempo integral no Ensino Fundamental - anos iniciais;2022;VILA MARIA;163
V0609-Número de alunos matriculados em tempo integral no Ensino Fundamental - anos iniciais;2022;VILA MARIANA;89
V0609-Número de alunos matriculados em tempo integral no Ensino Fundamental - anos iniciais;2022;VILA MATILDE;174
V0609-Número de alunos matriculados em tempo integral no Ensino Fundamental - anos iniciais;2022;VILA MEDEIROS;264
V0609-Número de alunos matriculados em tempo integral no Ensino Fundamental - anos iniciais;2022;VILA SONIA;183
V0610-Número de alunos matriculados em tempo integral no Ensino Fundamental - anos finais;2022;AGUA RASA;188
V0610-Número de alunos matriculados em tempo integral no Ensino Fundamental - anos finais;2022;ANHANGUERA;114
V0610-Número de alunos matriculados em tempo integral no Ensino Fundamental - anos finais;2022;CAMPO GRANDE;107
V0610-Número de alunos matriculados em tempo integral no Ensino Fundamental - anos finais;2022;CAMPO LIMPO;508
V0610-Número de alunos matriculados em tempo integral no Ensino Fundamental - anos finais;2022;CANGAIBA;729
V0610-Número de alunos matriculados em tempo integral no Ensino Fundamental - anos finais;2022;CARRAO;48
V0610-Número de alunos matriculados em tempo integral no Ensino Fundamental - anos finais;2022;CIDADE ADEMAR;62
V0610-Número de alunos matriculados em tempo integral no Ensino Fundamental - anos finais;2022;CIDADE LIDER;151
V0610-Número de alunos matriculados em tempo integral no Ensino Fundamental - anos finais;2022;CIDADE TIRADENTES;257
V0610-Número de alunos matriculados em tempo integral no Ensino Fundamental - anos finais;2022;ERMELINO MATARAZZO;88
V0610-Número de alunos matriculados em tempo integral no Ensino Fundamental - anos finais;2022;FREGUESIA DO O;92
V0610-Número de alunos matriculados em tempo integral no Ensino Fundamental - anos finais;2022;GRAJAU;175
V0610-Número de alunos matriculados em tempo integral no Ensino Fundamental - anos finais;2022;IGUATEMI;350
V0610-Número de alunos matriculados em tempo integral no Ensino Fundamental - anos finais;2022;ITAQUERA;94
V0610-Número de alunos matriculados em tempo integral no Ensino Fundamental - anos finais;2022;JACANA;195
V0610-Número de alunos matriculados em tempo integral no Ensino Fundamental - anos finais;2022;JAGUARA;96
V0610-Número de alunos matriculados em tempo integral no Ensino Fundamental - anos finais;2022;JARAGUA;188
V0610-Número de alunos matriculados em tempo integral no Ensino Fundamental - anos finais;2022;JARDIM HELENA;132
V0610-Número de alunos matriculados em tempo integral no Ensino Fundamental - anos finais;2022;JARDIM SAO LUIS;82
V0610-Número de alunos matriculados em tempo integral no Ensino Fundamental - anos finais;2022;LAJEADO;108
V0610-Número de alunos matriculados em tempo integral no Ensino Fundamental - anos finais;2022;MANDAQUI;152
V0610-Número de alunos matriculados em tempo integral no Ensino Fundamental - anos finais;2022;PENHA;84
V0610-Número de alunos matriculados em tempo integral no Ensino Fundamental - anos finais;2022;PERUS;98
V0610-Número de alunos matriculados em tempo integral no Ensino Fundamental - anos finais;2022;PONTE RASA;99
V0610-Número de alunos matriculados em tempo integral no Ensino Fundamental - anos finais;2022;RAPOSO TAVARES;269
V0610-Número de alunos matriculados em tempo integral no Ensino Fundamental - anos finais;2022;RIO PEQUENO;182
V0610-Número de alunos matriculados em tempo integral no Ensino Fundamental - anos finais;2022;SACOMA;288
V0610-Número de alunos matriculados em tempo integral no Ensino Fundamental - anos finais;2022;SANTO AMARO;58
V0610-Número de alunos matriculados em tempo integral no Ensino Fundamental - anos finais;2022;SAPOPEMBA;227
V0610-Número de alunos matriculados em tempo integral no Ensino Fundamental - anos finais;2022;TREMEMBE;320
V0610-Número de alunos matriculados em tempo integral no Ensino Fundamental - anos finais;2022;VILA CURUCA;265
V0610-Número de alunos matriculados em tempo integral no Ensino Fundamental - anos finais;2022;VILA JACUI;157
V0610-Número de alunos matriculados em tempo integral no Ensino Fundamental - anos finais;2022;VILA LEOPOLDINA;324
V0610-Número de alunos matriculados em tempo integral no Ensino Fundamental - anos finais;2022;VILA MARIA;221
V0610-Número de alunos matriculados em tempo integral no Ensino Fundamental - anos finais;2022;VILA MEDEIROS;77
V0008-Alunos rede municipal - sexo feminino;2022;ARICANDUVA-FORMOSA-CARRAO;7303
V0008-Alunos rede municipal - sexo feminino;2022;BUTANTA;21277
V0008-Alunos rede municipal - sexo feminino;2022;CAMPO LIMPO;47184
V0008-Alunos rede municipal - sexo feminino;2022;CAPELA DO SOCORRO;31917
V0008-Alunos rede municipal - sexo feminino;2022;CASA VERDE-CACHOEIRINHA;13049
V0008-Alunos rede municipal - sexo feminino;2022;CIDADE ADEMAR;21582
V0008-Alunos rede municipal - sexo feminino;2022;CIDADE TIRADENTES;22550
V0008-Alunos rede municipal - sexo feminino;2022;ERMELINO MATARAZZO;9107
V0008-Alunos rede municipal - sexo feminino;2022;FREGUESIA-BRASILANDIA;26163
V0008-Alunos rede municipal - sexo feminino;2022;GUAIANASES;18989
V0008-Alunos rede municipal - sexo feminino;2022;IPIRANGA;22006
V0008-Alunos rede municipal - sexo feminino;2022;ITAIM PAULISTA;30144
V0008-Alunos rede municipal - sexo feminino;2022;ITAQUERA;24948
V0008-Alunos rede municipal - sexo feminino;2022;JABAQUARA;8288
V0008-Alunos rede municipal - sexo feminino;2022;JACANA-TREMEMBE;14205
V0008-Alunos rede municipal - sexo feminino;2022;LAPA;6949
V0008-Alunos rede municipal - sexo feminino;2022;M BOI MIRIM;35662
V0008-Alunos rede municipal - sexo feminino;2022;MOOCA;7644
V0008-Alunos rede municipal - sexo feminino;2022;PARELHEIROS;8637
V0008-Alunos rede municipal - sexo feminino;2022;PENHA;18682
V0008-Alunos rede municipal - sexo feminino;2022;PERUS;13763
V0008-Alunos rede municipal - sexo feminino;2022;PINHEIROS;1667
V0008-Alunos rede municipal - sexo feminino;2022;PIRITUBA-JARAGUA;30201
V0008-Alunos rede municipal - sexo feminino;2022;SANTANA-TUCURUVI;7208
V0008-Alunos rede municipal - sexo feminino;2022;SANTO AMARO;6528
V0008-Alunos rede municipal - sexo feminino;2022;SAO MATEUS;32359
V0008-Alunos rede municipal - sexo feminino;2022;SAO MIGUEL;26208
V0008-Alunos rede municipal - sexo feminino;2022;SAPOPEMBA;16867
V0008-Alunos rede municipal - sexo feminino;2022;SE;6888
V0008-Alunos rede municipal - sexo feminino;2022;VILA MARIA-VILA GUILHERME;12905
V0008-Alunos rede municipal - sexo feminino;2022;VILA MARIANA;2864
V0008-Alunos rede municipal - sexo feminino;2022;VILA PRUDENTE;7349
V0009-Alunos da rede municipal de ensino;2022;ARICANDUVA-FORMOSA-CARRAO;14688
V0009-Alunos da rede municipal de ensino;2022;BUTANTA;43663
V0009-Alunos da rede municipal de ensino;2022;CAMPO LIMPO;93492
V0009-Alunos da rede municipal de ensino;2022;CAPELA DO SOCORRO;66108
V0009-Alunos da rede municipal de ensino;2022;CASA VERDE-CACHOEIRINHA;27117
V0009-Alunos da rede municipal de ensino;2022;CIDADE ADEMAR;42954
V0009-Alunos da rede municipal de ensino;2022;CIDADE TIRADENTES;43956
V0009-Alunos da rede municipal de ensino;2022;ERMELINO MATARAZZO;18790
V0009-Alunos da rede municipal de ensino;2022;FREGUESIA-BRASILANDIA;53183
V0009-Alunos da rede municipal de ensino;2022;GUAIANASES;38075
V0009-Alunos da rede municipal de ensino;2022;IPIRANGA;43188
V0009-Alunos da rede municipal de ensino;2022;ITAIM PAULISTA;59270
V0009-Alunos da rede municipal de ensino;2022;ITAQUERA;51477
V0009-Alunos da rede municipal de ensino;2022;JABAQUARA;16272
V0009-Alunos da rede municipal de ensino;2022;JACANA-TREMEMBE;29014
V0009-Alunos da rede municipal de ensino;2022;LAPA;14102
V0009-Alunos da rede municipal de ensino;2022;M BOI MIRIM;71775
V0009-Alunos da rede municipal de ensino;2022;MOOCA;16006
V0009-Alunos da rede municipal de ensino;2022;PARELHEIROS;17725
V0009-Alunos da rede municipal de ensino;2022;PENHA;37520
V0009-Alunos da rede municipal de ensino;2022;PERUS;27268
V0009-Alunos da rede municipal de ensino;2022;PINHEIROS;3439
V0009-Alunos da rede municipal de ensino;2022;PIRITUBA-JARAGUA;61722
V0009-Alunos da rede municipal de ensino;2022;SANTANA-TUCURUVI;14695
V0009-Alunos da rede municipal de ensino;2022;SANTO AMARO;13130
V0009-Alunos da rede municipal de ensino;2022;SAO MATEUS;65022
V0009-Alunos da rede municipal de ensino;2022;SAO MIGUEL;52936
V0009-Alunos da rede municipal de ensino;2022;SAPOPEMBA;33343
V0009-Alunos da rede municipal de ensino;2022;SE;14245
V0009-Alunos da rede municipal de ensino;2022;VILA MARIA-VILA GUILHERME;26635
V0009-Alunos da rede municipal de ensino;2022;VILA MARIANA;5864
V0009-Alunos da rede municipal de ensino;2022;VILA PRUDENTE;15449
V0010-Alunos rede municipal - sexo masculino;2022;ARICANDUVA-FORMOSA-CARRAO;7385
V0010-Alunos rede municipal - sexo masculino;2022;BUTANTA;22386
V0010-Alunos rede municipal - sexo masculino;2022;CAMPO LIMPO;46308
V0010-Alunos rede municipal - sexo masculino;2022;CAPELA DO SOCORRO;34191
V0010-Alunos rede municipal - sexo masculino;2022;CASA VERDE-CACHOEIRINHA;14068
V0010-Alunos rede municipal - sexo masculino;2022;CIDADE ADEMAR;21372
V0010-Alunos rede municipal - sexo masculino;2022;CIDADE TIRADENTES;21406
V0010-Alunos rede municipal - sexo masculino;2022;ERMELINO MATARAZZO;9683
V0010-Alunos rede municipal - sexo masculino;2022;FREGUESIA-BRASILANDIA;27020
V0010-Alunos rede municipal - sexo masculino;2022;GUAIANASES;19086
V0010-Alunos rede municipal - sexo masculino;2022;IPIRANGA;21182
V0010-Alunos rede municipal - sexo masculino;2022;ITAIM PAULISTA;29126
V0010-Alunos rede municipal - sexo masculino;2022;ITAQUERA;26529
V0010-Alunos rede municipal - sexo masculino;2022;JABAQUARA;7984
V0010-Alunos rede municipal - sexo masculino;2022;JACANA-TREMEMBE;14809
V0010-Alunos rede municipal - sexo masculino;2022;LAPA;7153
V0010-Alunos rede municipal - sexo masculino;2022;M BOI MIRIM;36113
V0010-Alunos rede municipal - sexo masculino;2022;MOOCA;8362
V0010-Alunos rede municipal - sexo masculino;2022;PARELHEIROS;9088
V0010-Alunos rede municipal - sexo masculino;2022;PENHA;18838
V0010-Alunos rede municipal - sexo masculino;2022;PERUS;13505
V0010-Alunos rede municipal - sexo masculino;2022;PINHEIROS;1772
V0010-Alunos rede municipal - sexo masculino;2022;PIRITUBA-JARAGUA;31521
V0010-Alunos rede municipal - sexo masculino;2022;SANTANA-TUCURUVI;7487
V0010-Alunos rede municipal - sexo masculino;2022;SANTO AMARO;6602
V0010-Alunos rede municipal - sexo masculino;2022;SAO MATEUS;32663
V0010-Alunos rede municipal - sexo masculino;2022;SAO MIGUEL;26728
V0010-Alunos rede municipal - sexo masculino;2022;SAPOPEMBA;16476
V0010-Alunos rede municipal - sexo masculino;2022;SE;7357
V0010-Alunos rede municipal - sexo masculino;2022;VILA MARIA-VILA GUILHERME;13730
V0010-Alunos rede municipal - sexo masculino;2022;VILA MARIANA;3000
V0010-Alunos rede municipal - sexo masculino;2022;VILA PRUDENTE;8100
V0033-Alunos da rede municipal de ensino - raça/cor amarela;2022;ARICANDUVA-FORMOSA-CARRAO;85
V0033-Alunos da rede municipal de ensino - raça/cor amarela;2022;BUTANTA;263
V0033-Alunos da rede municipal de ensino - raça/cor amarela;2022;CAMPO LIMPO;371
V0033-Alunos da rede municipal de ensino - raça/cor amarela;2022;CAPELA DO SOCORRO;196
V0033-Alunos da rede municipal de ensino - raça/cor amarela;2022;CASA VERDE-CACHOEIRINHA;234
V0033-Alunos da rede municipal de ensino - raça/cor amarela;2022;CIDADE ADEMAR;161
V0033-Alunos da rede municipal de ensino - raça/cor amarela;2022;CIDADE TIRADENTES;165
V0033-Alunos da rede municipal de ensino - raça/cor amarela;2022;ERMELINO MATARAZZO;161
V0033-Alunos da rede municipal de ensino - raça/cor amarela;2022;FREGUESIA-BRASILANDIA;232
V0033-Alunos da rede municipal de ensino - raça/cor amarela;2022;GUAIANASES;160
V0033-Alunos da rede municipal de ensino - raça/cor amarela;2022;IPIRANGA;175
V0033-Alunos da rede municipal de ensino - raça/cor amarela;2022;ITAIM PAULISTA;246
V0033-Alunos da rede municipal de ensino - raça/cor amarela;2022;ITAQUERA;216
V0033-Alunos da rede municipal de ensino - raça/cor amarela;2022;JABAQUARA;68
V0033-Alunos da rede municipal de ensino - raça/cor amarela;2022;JACANA-TREMEMBE;126
V0033-Alunos da rede municipal de ensino - raça/cor amarela;2022;LAPA;145
V0033-Alunos da rede municipal de ensino - raça/cor amarela;2022;M BOI MIRIM;239
V0033-Alunos da rede municipal de ensino - raça/cor amarela;2022;MOOCA;284
V0033-Alunos da rede municipal de ensino - raça/cor amarela;2022;PARELHEIROS;35
V0033-Alunos da rede municipal de ensino - raça/cor amarela;2022;PENHA;314
V0033-Alunos da rede municipal de ensino - raça/cor amarela;2022;PERUS;131
V0033-Alunos da rede municipal de ensino - raça/cor amarela;2022;PINHEIROS;38
V0033-Alunos da rede municipal de ensino - raça/cor amarela;2022;PIRITUBA-JARAGUA;210
V0033-Alunos da rede municipal de ensino - raça/cor amarela;2022;SANTANA-TUCURUVI;88
V0033-Alunos da rede municipal de ensino - raça/cor amarela;2022;SANTO AMARO;58
V0033-Alunos da rede municipal de ensino - raça/cor amarela;2022;SAO MATEUS;347
V0033-Alunos da rede municipal de ensino - raça/cor amarela;2022;SAO MIGUEL;211
V0033-Alunos da rede municipal de ensino - raça/cor amarela;2022;SAPOPEMBA;66
V0033-Alunos da rede municipal de ensino - raça/cor amarela;2022;SE;131
V0033-Alunos da rede municipal de ensino - raça/cor amarela;2022;VILA MARIA-VILA GUILHERME;209
V0033-Alunos da rede municipal de ensino - raça/cor amarela;2022;VILA MARIANA;73
V0033-Alunos da rede municipal de ensino - raça/cor amarela;2022;VILA PRUDENTE;63
V0034-Alunos da rede municipal de ensino da raça/cor branca;2022;ARICANDUVA-FORMOSA-CARRAO;7809
V0034-Alunos da rede municipal de ensino da raça/cor branca;2022;BUTANTA;17636
V0034-Alunos da rede municipal de ensino da raça/cor branca;2022;CAMPO LIMPO;32347
V0034-Alunos da rede municipal de ensino da raça/cor branca;2022;CAPELA DO SOCORRO;22981
V0034-Alunos da rede municipal de ensino da raça/cor branca;2022;CASA VERDE-CACHOEIRINHA;11416
V0034-Alunos da rede municipal de ensino da raça/cor branca;2022;CIDADE ADEMAR;13889
V0034-Alunos da rede municipal de ensino da raça/cor branca;2022;CIDADE TIRADENTES;14537
V0034-Alunos da rede municipal de ensino da raça/cor branca;2022;ERMELINO MATARAZZO;7918
V0034-Alunos da rede municipal de ensino da raça/cor branca;2022;FREGUESIA-BRASILANDIA;21141
V0034-Alunos da rede municipal de ensino da raça/cor branca;2022;GUAIANASES;12737
V0034-Alunos da rede municipal de ensino da raça/cor branca;2022;IPIRANGA;20010
V0034-Alunos da rede municipal de ensino da raça/cor branca;2022;ITAIM PAULISTA;20036
V0034-Alunos da rede municipal de ensino da raça/cor branca;2022;ITAQUERA;21650
V0034-Alunos da rede municipal de ensino da raça/cor branca;2022;JABAQUARA;6044
V0034-Alunos da rede municipal de ensino da raça/cor branca;2022;JACANA-TREMEMBE;12852
V0034-Alunos da rede municipal de ensino da raça/cor branca;2022;LAPA;6524
V0034-Alunos da rede municipal de ensino da raça/cor branca;2022;M BOI MIRIM;25848
V0034-Alunos da rede municipal de ensino da raça/cor branca;2022;MOOCA;7627
V0034-Alunos da rede municipal de ensino da raça/cor branca;2022;PARELHEIROS;5130
V0034-Alunos da rede municipal de ensino da raça/cor branca;2022;PENHA;16248
V0034-Alunos da rede municipal de ensino da raça/cor branca;2022;PERUS;11047
V0034-Alunos da rede municipal de ensino da raça/cor branca;2022;PINHEIROS;1728
V0034-Alunos da rede municipal de ensino da raça/cor branca;2022;PIRITUBA-JARAGUA;28667
V0034-Alunos da rede municipal de ensino da raça/cor branca;2022;SANTANA-TUCURUVI;7794
V0034-Alunos da rede municipal de ensino da raça/cor branca;2022;SANTO AMARO;6025
V0034-Alunos da rede municipal de ensino da raça/cor branca;2022;SAO MATEUS;25962
V0034-Alunos da rede municipal de ensino da raça/cor branca;2022;SAO MIGUEL;20459
V0034-Alunos da rede municipal de ensino da raça/cor branca;2022;SAPOPEMBA;15989
V0034-Alunos da rede municipal de ensino da raça/cor branca;2022;SE;6006
V0034-Alunos da rede municipal de ensino da raça/cor branca;2022;VILA MARIA-VILA GUILHERME;11081
V0034-Alunos da rede municipal de ensino da raça/cor branca;2022;VILA MARIANA;2983
V0034-Alunos da rede municipal de ensino da raça/cor branca;2022;VILA PRUDENTE;8541
V0035-Alunos da rede municipal de ensino da raça/cor indígena;2022;ARICANDUVA-FORMOSA-CARRAO;11
V0035-Alunos da rede municipal de ensino da raça/cor indígena;2022;BUTANTA;74
V0035-Alunos da rede municipal de ensino da raça/cor indígena;2022;CAMPO LIMPO;96
V0035-Alunos da rede municipal de ensino da raça/cor indígena;2022;CAPELA DO SOCORRO;76
V0035-Alunos da rede municipal de ensino da raça/cor indígena;2022;CASA VERDE-CACHOEIRINHA;153
V0035-Alunos da rede municipal de ensino da raça/cor indígena;2022;CIDADE ADEMAR;45
V0035-Alunos da rede municipal de ensino da raça/cor indígena;2022;CIDADE TIRADENTES;69
V0035-Alunos da rede municipal de ensino da raça/cor indígena;2022;ERMELINO MATARAZZO;57
V0035-Alunos da rede municipal de ensino da raça/cor indígena;2022;FREGUESIA-BRASILANDIA;81
V0035-Alunos da rede municipal de ensino da raça/cor indígena;2022;GUAIANASES;56
V0035-Alunos da rede municipal de ensino da raça/cor indígena;2022;IPIRANGA;36
V0035-Alunos da rede municipal de ensino da raça/cor indígena;2022;ITAIM PAULISTA;60
V0035-Alunos da rede municipal de ensino da raça/cor indígena;2022;ITAQUERA;74
V0035-Alunos da rede municipal de ensino da raça/cor indígena;2022;JABAQUARA;18
V0035-Alunos da rede municipal de ensino da raça/cor indígena;2022;JACANA-TREMEMBE;76
V0035-Alunos da rede municipal de ensino da raça/cor indígena;2022;LAPA;20
V0035-Alunos da rede municipal de ensino da raça/cor indígena;2022;M BOI MIRIM;77
V0035-Alunos da rede municipal de ensino da raça/cor indígena;2022;MOOCA;258
V0035-Alunos da rede municipal de ensino da raça/cor indígena;2022;PARELHEIROS;245
V0035-Alunos da rede municipal de ensino da raça/cor indígena;2022;PENHA;158
V0035-Alunos da rede municipal de ensino da raça/cor indígena;2022;PERUS;22
V0035-Alunos da rede municipal de ensino da raça/cor indígena;2022;PINHEIROS;7
V0035-Alunos da rede municipal de ensino da raça/cor indígena;2022;PIRITUBA-JARAGUA;215
V0035-Alunos da rede municipal de ensino da raça/cor indígena;2022;SANTANA-TUCURUVI;61
V0035-Alunos da rede municipal de ensino da raça/cor indígena;2022;SANTO AMARO;20
V0035-Alunos da rede municipal de ensino da raça/cor indígena;2022;SAO MATEUS;67
V0035-Alunos da rede municipal de ensino da raça/cor indígena;2022;SAO MIGUEL;87
V0035-Alunos da rede municipal de ensino da raça/cor indígena;2022;SAPOPEMBA;31
V0035-Alunos da rede municipal de ensino da raça/cor indígena;2022;SE;68
V0035-Alunos da rede municipal de ensino da raça/cor indígena;2022;VILA MARIA-VILA GUILHERME;344
V0035-Alunos da rede municipal de ensino da raça/cor indígena;2022;VILA MARIANA;4
V0035-Alunos da rede municipal de ensino da raça/cor indígena;2022;VILA PRUDENTE;15
V0036-Alunos da rede municipal de ensino da raça/cor parda;2022;ARICANDUVA-FORMOSA-CARRAO;3528
V0036-Alunos da rede municipal de ensino da raça/cor parda;2022;BUTANTA;16342
V0036-Alunos da rede municipal de ensino da raça/cor parda;2022;CAMPO LIMPO;41427
V0036-Alunos da rede municipal de ensino da raça/cor parda;2022;CAPELA DO SOCORRO;29088
V0036-Alunos da rede municipal de ensino da raça/cor parda;2022;CASA VERDE-CACHOEIRINHA;9175
V0036-Alunos da rede municipal de ensino da raça/cor parda;2022;CIDADE ADEMAR;17293
V0036-Alunos da rede municipal de ensino da raça/cor parda;2022;CIDADE TIRADENTES;17394
V0036-Alunos da rede municipal de ensino da raça/cor parda;2022;ERMELINO MATARAZZO;6066
V0036-Alunos da rede municipal de ensino da raça/cor parda;2022;FREGUESIA-BRASILANDIA;19705
V0036-Alunos da rede municipal de ensino da raça/cor parda;2022;GUAIANASES;15961
V0036-Alunos da rede municipal de ensino da raça/cor parda;2022;IPIRANGA;12425
V0036-Alunos da rede municipal de ensino da raça/cor parda;2022;ITAIM PAULISTA;24021
V0036-Alunos da rede municipal de ensino da raça/cor parda;2022;ITAQUERA;17478
V0036-Alunos da rede municipal de ensino da raça/cor parda;2022;JABAQUARA;5900
V0036-Alunos da rede municipal de ensino da raça/cor parda;2022;JACANA-TREMEMBE;9704
V0036-Alunos da rede municipal de ensino da raça/cor parda;2022;LAPA;4037
V0036-Alunos da rede municipal de ensino da raça/cor parda;2022;M BOI MIRIM;32182
V0036-Alunos da rede municipal de ensino da raça/cor parda;2022;MOOCA;5078
V0036-Alunos da rede municipal de ensino da raça/cor parda;2022;PARELHEIROS;7392
V0036-Alunos da rede municipal de ensino da raça/cor parda;2022;PENHA;9857
V0036-Alunos da rede municipal de ensino da raça/cor parda;2022;PERUS;9086
V0036-Alunos da rede municipal de ensino da raça/cor parda;2022;PINHEIROS;1078
V0036-Alunos da rede municipal de ensino da raça/cor parda;2022;PIRITUBA-JARAGUA;21651
V0036-Alunos da rede municipal de ensino da raça/cor parda;2022;SANTANA-TUCURUVI;3631
V0036-Alunos da rede municipal de ensino da raça/cor parda;2022;SANTO AMARO;4248
V0036-Alunos da rede municipal de ensino da raça/cor parda;2022;SAO MATEUS;21826
V0036-Alunos da rede municipal de ensino da raça/cor parda;2022;SAO MIGUEL;20922
V0036-Alunos da rede municipal de ensino da raça/cor parda;2022;SAPOPEMBA;9683
V0036-Alunos da rede municipal de ensino da raça/cor parda;2022;SE;4401
V0036-Alunos da rede municipal de ensino da raça/cor parda;2022;VILA MARIA-VILA GUILHERME;10033
V0036-Alunos da rede municipal de ensino da raça/cor parda;2022;VILA MARIANA;1476
V0036-Alunos da rede municipal de ensino da raça/cor parda;2022;VILA PRUDENTE;3862
V0042-Alunos da rede municipal de ensino da raça/cor preta;2022;ARICANDUVA-FORMOSA-CARRAO;540
V0042-Alunos da rede municipal de ensino da raça/cor preta;2022;BUTANTA;2237
V0042-Alunos da rede municipal de ensino da raça/cor preta;2022;CAMPO LIMPO;4334
V0042-Alunos da rede municipal de ensino da raça/cor preta;2022;CAPELA DO SOCORRO;2560
V0042-Alunos da rede municipal de ensino da raça/cor preta;2022;CASA VERDE-CACHOEIRINHA;1710
V0042-Alunos da rede municipal de ensino da raça/cor preta;2022;CIDADE ADEMAR;2034
V0042-Alunos da rede municipal de ensino da raça/cor preta;2022;CIDADE TIRADENTES;2811
V0042-Alunos da rede municipal de ensino da raça/cor preta;2022;ERMELINO MATARAZZO;877
V0042-Alunos da rede municipal de ensino da raça/cor preta;2022;FREGUESIA-BRASILANDIA;3104
V0042-Alunos da rede municipal de ensino da raça/cor preta;2022;GUAIANASES;1743
V0042-Alunos da rede municipal de ensino da raça/cor preta;2022;IPIRANGA;1779
V0042-Alunos da rede municipal de ensino da raça/cor preta;2022;ITAIM PAULISTA;2240
V0042-Alunos da rede municipal de ensino da raça/cor preta;2022;ITAQUERA;2615
V0042-Alunos da rede municipal de ensino da raça/cor preta;2022;JABAQUARA;891
V0042-Alunos da rede municipal de ensino da raça/cor preta;2022;JACANA-TREMEMBE;1212
V0042-Alunos da rede municipal de ensino da raça/cor preta;2022;LAPA;541
V0042-Alunos da rede municipal de ensino da raça/cor preta;2022;M BOI MIRIM;3376
V0042-Alunos da rede municipal de ensino da raça/cor preta;2022;MOOCA;704
V0042-Alunos da rede municipal de ensino da raça/cor preta;2022;PARELHEIROS;588
V0042-Alunos da rede municipal de ensino da raça/cor preta;2022;PENHA;2177
V0042-Alunos da rede municipal de ensino da raça/cor preta;2022;PERUS;1785
V0042-Alunos da rede municipal de ensino da raça/cor preta;2022;PINHEIROS;170
V0042-Alunos da rede municipal de ensino da raça/cor preta;2022;PIRITUBA-JARAGUA;3034
V0042-Alunos da rede municipal de ensino da raça/cor preta;2022;SANTANA-TUCURUVI;754
V0042-Alunos da rede municipal de ensino da raça/cor preta;2022;SANTO AMARO;577
V0042-Alunos da rede municipal de ensino da raça/cor preta;2022;SAO MATEUS;2604
V0042-Alunos da rede municipal de ensino da raça/cor preta;2022;SAO MIGUEL;2021
V0042-Alunos da rede municipal de ensino da raça/cor preta;2022;SAPOPEMBA;1390
V0042-Alunos da rede municipal de ensino da raça/cor preta;2022;SE;1138
V0042-Alunos da rede municipal de ensino da raça/cor preta;2022;VILA MARIA-VILA GUILHERME;888
V0042-Alunos da rede municipal de ensino da raça/cor preta;2022;VILA MARIANA;232
V0042-Alunos da rede municipal de ensino da raça/cor preta;2022;VILA PRUDENTE;482
V0609-Número de alunos matriculados em tempo integral no Ensino Fundamental - anos iniciais;2022;ARICANDUVA-FORMOSA-CARRAO;241
V0609-Número de alunos matriculados em tempo integral no Ensino Fundamental - anos iniciais;2022;BUTANTA;463
V0609-Número de alunos matriculados em tempo integral no Ensino Fundamental - anos iniciais;2022;CAMPO LIMPO;2235
V0609-Número de alunos matriculados em tempo integral no Ensino Fundamental - anos iniciais;2022;CAPELA DO SOCORRO;690
V0609-Número de alunos matriculados em tempo integral no Ensino Fundamental - anos iniciais;2022;CASA VERDE-CACHOEIRINHA;689
V0609-Número de alunos matriculados em tempo integral no Ensino Fundamental - anos iniciais;2022;CIDADE ADEMAR;225
V0609-Número de alunos matriculados em tempo integral no Ensino Fundamental - anos iniciais;2022;CIDADE TIRADENTES;590
V0609-Número de alunos matriculados em tempo integral no Ensino Fundamental - anos iniciais;2022;ERMELINO MATARAZZO;60
V0609-Número de alunos matriculados em tempo integral no Ensino Fundamental - anos iniciais;2022;FREGUESIA-BRASILANDIA;568
V0609-Número de alunos matriculados em tempo integral no Ensino Fundamental - anos iniciais;2022;GUAIANASES;487
V0609-Número de alunos matriculados em tempo integral no Ensino Fundamental - anos iniciais;2022;IPIRANGA;249
V0609-Número de alunos matriculados em tempo integral no Ensino Fundamental - anos iniciais;2022;ITAIM PAULISTA;859
V0609-Número de alunos matriculados em tempo integral no Ensino Fundamental - anos iniciais;2022;ITAQUERA;511
V0609-Número de alunos matriculados em tempo integral no Ensino Fundamental - anos iniciais;2022;JABAQUARA;228
V0609-Número de alunos matriculados em tempo integral no Ensino Fundamental - anos iniciais;2022;JACANA-TREMEMBE;1055
V0609-Número de alunos matriculados em tempo integral no Ensino Fundamental - anos iniciais;2022;LAPA;669
V0609-Número de alunos matriculados em tempo integral no Ensino Fundamental - anos iniciais;2022;M BOI MIRIM;763
V0609-Número de alunos matriculados em tempo integral no Ensino Fundamental - anos iniciais;2022;MOOCA;355
V0609-Número de alunos matriculados em tempo integral no Ensino Fundamental - anos iniciais;2022;PARELHEIROS;166
V0609-Número de alunos matriculados em tempo integral no Ensino Fundamental - anos iniciais;2022;PENHA;238
V0609-Número de alunos matriculados em tempo integral no Ensino Fundamental - anos iniciais;2022;PERUS;757
V0609-Número de alunos matriculados em tempo integral no Ensino Fundamental - anos iniciais;2022;PINHEIROS;289
V0609-Número de alunos matriculados em tempo integral no Ensino Fundamental - anos iniciais;2022;PIRITUBA-JARAGUA;1022
V0609-Número de alunos matriculados em tempo integral no Ensino Fundamental - anos iniciais;2022;SANTANA-TUCURUVI;904
V0609-Número de alunos matriculados em tempo integral no Ensino Fundamental - anos iniciais;2022;SANTO AMARO;368
V0609-Número de alunos matriculados em tempo integral no Ensino Fundamental - anos iniciais;2022;SAO MATEUS;653
V0609-Número de alunos matriculados em tempo integral no Ensino Fundamental - anos iniciais;2022;SAO MIGUEL;2053
V0609-Número de alunos matriculados em tempo integral no Ensino Fundamental - anos iniciais;2022;SAPOPEMBA;597
V0609-Número de alunos matriculados em tempo integral no Ensino Fundamental - anos iniciais;2022;SE;92
V0609-Número de alunos matriculados em tempo integral no Ensino Fundamental - anos iniciais;2022;VILA MARIA-VILA GUILHERME;786
V0609-Número de alunos matriculados em tempo integral no Ensino Fundamental - anos iniciais;2022;VILA MARIANA;353
V0610-Número de alunos matriculados em tempo integral no Ensino Fundamental - anos finais;2022;ARICANDUVA-FORMOSA-CARRAO;48
V0610-Número de alunos matriculados em tempo integral no Ensino Fundamental - anos finais;2022;BUTANTA;451
V0610-Número de alunos matriculados em tempo integral no Ensino Fundamental - anos finais;2022;CAMPO LIMPO;508
V0610-Número de alunos matriculados em tempo integral no Ensino Fundamental - anos finais;2022;CAPELA DO SOCORRO;175
V0610-Número de alunos matriculados em tempo integral no Ensino Fundamental - anos finais;2022;CIDADE ADEMAR;62
V0610-Número de alunos matriculados em tempo integral no Ensino Fundamental - anos finais;2022;CIDADE TIRADENTES;257
V0610-Número de alunos matriculados em tempo integral no Ensino Fundamental - anos finais;2022;ERMELINO MATARAZZO;187
V0610-Número de alunos matriculados em tempo integral no Ensino Fundamental - anos finais;2022;FREGUESIA-BRASILANDIA;92
V0610-Número de alunos matriculados em tempo integral no Ensino Fundamental - anos finais;2022;GUAIANASES;108
V0610-Número de alunos matriculados em tempo integral no Ensino Fundamental - anos finais;2022;IPIRANGA;288
V0610-Número de alunos matriculados em tempo integral no Ensino Fundamental - anos finais;2022;ITAIM PAULISTA;265
V0610-Número de alunos matriculados em tempo integral no Ensino Fundamental - anos finais;2022;ITAQUERA;245
V0610-Número de alunos matriculados em tempo integral no Ensino Fundamental - anos finais;2022;JACANA-TREMEMBE;515
V0610-Número de alunos matriculados em tempo integral no Ensino Fundamental - anos finais;2022;LAPA;420
V0610-Número de alunos matriculados em tempo integral no Ensino Fundamental - anos finais;2022;M BOI MIRIM;82
V0610-Número de alunos matriculados em tempo integral no Ensino Fundamental - anos finais;2022;MOOCA;188
V0610-Número de alunos matriculados em tempo integral no Ensino Fundamental - anos finais;2022;PENHA;813
V0610-Número de alunos matriculados em tempo integral no Ensino Fundamental - anos finais;2022;PERUS;212
V0610-Número de alunos matriculados em tempo integral no Ensino Fundamental - anos finais;2022;PIRITUBA-JARAGUA;188
V0610-Número de alunos matriculados em tempo integral no Ensino Fundamental - anos finais;2022;SANTANA-TUCURUVI;152
V0610-Número de alunos matriculados em tempo integral no Ensino Fundamental - anos finais;2022;SANTO AMARO;165
V0610-Número de alunos matriculados em tempo integral no Ensino Fundamental - anos finais;2022;SAO MATEUS;350
V0610-Número de alunos matriculados em tempo integral no Ensino Fundamental - anos finais;2022;SAO MIGUEL;289
V0610-Número de alunos matriculados em tempo integral no Ensino Fundamental - anos finais;2022;SAPOPEMBA;227
V0610-Número de alunos matriculados em tempo integral no Ensino Fundamental - anos finais;2022;VILA MARIA-VILA GUILHERME;298
